COD_IMPUESTO,DESC_IMPUESTO,DESCL_IMPUESTO,
491,"TRANSF.COMBUSTIBLES LIQUIDOS","GRAVAMEN A LA TRANSFERENCIA DE COMBUSTIBLES LIQUIDOS",
465,"COMBUSTIBLES AERONAVES","AERONAFTA Y LUBRICANTES PARA USO DE AERONAVES LEY 20046",
467,"INTERNOS-VINOS/BODEGUEROS","INTERNOS-VINOS/BODEGUEROS",
469,"INTERNOS-FABRIC VINOS POSTRE","INTERNOS-VINOS/FABRICANTES DE VINOS DE POSTRE",
470,"INTERNOS-FABR VINOS COMPUESTOS","INTERNOS-VINOS/FABRICANTES DE VINOS COMPUESTOS",
471,"INTERNOS-FABR VINOS ESPUMOSOS","INTERNOS-VINOS/FABRICANTES VINOS ESPUMOSOS Y GASIFICADOS",
473,"INTERNOS-FABRICANTES CHAMPAGNE","INTERNOS-VINOS/FABRICANTES DE CHAMPAGNE",
474,"INTERNOS-VINOS INTERMEDIARIOS","INTERNOS-VINOS/INTERMEDIARIOS",
475,"INTERNOS-VINOS IMPORTADORES","INTERNOS-VINOS/IMPORTADORES",
476,"INTERNOS-VINOS CORTADORES","INTERNOS-VINOS/CORTADORES",
477,"INTERNOS-VINOS FRACCIONADORES","INTERNOS-VINOS/FRACCIONADORES",
478,"GRAVAMEN SERV.AUXIL.NAVEGACION","GRAVAMEN A LOS SERVICIOS AUXILIARES DE NAVEGACION",
479,"INTERNOS-SOBRETASA VINO ","INTERNOS-SOBRETASA VINO LEY 14878 Y 23150",
480,"INTERNOS-ARTICULOS DE TOCADOR","INTERNOS-ARTICULOS DE TOCADOR",
482,"INTERNOS-CUBIERTAS","INTERNOS-CUBIERTAS",
483,"FONDO NAC.VIALIDAD-CUBIERTAS","FONDO NACIONAL DE VIALIDAD - CUBIERTAS",
484,"FON.NAC.COMPLEMENT.VIALIDAD","FONDO NACIONAL COMPLEMENT. DE VIALIDAD - CUBIERTAS",
485,"INTERNOS-BEB.ANALCOHOL JARAB ","INTERNOS-BEBIDAS ANALCOH JARABES EXTRACTOS Y CONCENTRADOS",
488,"CPRA/VTA. DE DIVISAS L.18526","COMPRA VENTA DE DIVISAS LEY 18526",
489,"FONDO DE ASIST. A LOS MEDICAM.","FONDO DE ASISTENCIA A LOS MEDICAMENTOS",
426,"INTERNOS-FAB BEBIDAS DESTILADA","INTERNOS-ALCOHOLES/FABRICANTES BEBIDAS DESTILACION DIRECTA",
427,"INTERNOS-ZONA LIBRE ALCOHOLERA","INTERNOS-ALCOHOLES/ZONA LIBRE ALCOHOLERA",
430,"IVA DETERMIN.OFICIO RG. 3274","IVA DETERMINACION DE OFICIO RG. 3274",
431,"INTERNOS-DESTILERIA SIST MIXTO","INTERNOS-ALCOHOLES/DESTILERIAS CON SISTEMA MIXTO",
434,"USUARIO ALCOHOL ETILICO","ALCOHOLES/USUARIO ALCOHOL ETILICO",
449,"INTERNOS-VEHIC. AUTOMOV MOTOR","INTERNOS-VEHICULOS, AUTOMOVILES Y MOTORES",
450,"INTERNOS-FAB.BEBIDAS ALCOHOLIC","INTERNOS-FABRICANTES DE BEBIDAS ALCOHOLICAS",
451,"INTERNOS-CERVEZAS","INTERNOS-CERVEZAS",
452,"INTERNOS-FAB.BEB.ALCOHOL FERME","INTERNOS- FABRICACIÓN DE BEBIDAS ALCOHOLICAS FERMENTADAS",
453,"INTERNOS-IMPORT BEBIDA ALCOHOL","INTERNOS-IMPORTADOR DE BEBIDAS ALCOHOLICAS",
454,"INTERNOS-IMPORT BEB.ALCOH FERM","INTERNOS-IMPORTADOR DE BEBIDAS ALCOHOLICAS FERMENTADAS",
457,"INTERNOS-FRACC.BEBIDAS ALCOHOL","INTERNOS- FRACCIONADOR BEBIDAS ALCOHOLICAS",
458,"GRAV.S/ENERGIA ELECT.LEY 17574","GRAVAMEN SOBRE ENERGIA ELECTRICA LEY 17574",
459,"INTERNOS-CIAS.SEGUROS NACIONAL","INTERNOS-SEGUROS/COMPAÑIAS DE SEGUROS NACIONALES",
460,"INTERNOS-SEGUR CONTRATADOS EXT","INTERNOS-SEGUROS/CONTRATADOS EN EL EXTERIOR",
461,"INTERNOS-OTROS BIENES Y SERVIC","INTERNOS-OTROS BIENES Y SERVICIOS",
462,"INTERNOS-ACEITES LUBRICANTES","INTERNOS-A LOS ACEITES LUBRICANTES",
463,"ADICION.ACEITES LUBRICANTES","ADICIONAL A LOS ACEITES LUBRICANTES",
421,"FRACCIONAM.PRODUCCION ALCOHOL","FRACCIONAMIENTO PRODUCCION ALCOHOL",
387,"FAC.PAGO CONTRIBUC. L.24753","PLAN FAC.DE PAGO IMPUESTOS Y CONTRIBUCIONES LEY 24753",
388,"FAC.PAGO APORTES L.24753","PLAN FAC.DE PAGO APORTES SEG.SOC.Y REG.NAC.O.S.LEY 24753",
389,"FAC.PAGO AUTONOMOS L.24753","PLAN FAC.DE PAGO REG.NAC.TRAB.AUTONOMOS LEY 24753",
395,"COMB LIQ L 23966/24699 ART 2 B","COMB LIQ L23966(GASOIL-DIESELOIL-KEROSENE-FUELOI-24699 2 B) ",
399,"G.N.C. L.23966","GAS NATURAL COMPRIMIDO LEY 23.966",
401,"MANUF.CIGARRILLOS L.23562","TABACOS/MANUFACTURA CIGARRILLOS LEY 23562",
402,"INTERNOS-MANUF TABACALES AFIN","INTERNOS-TABACOS/MANUFACTURAS TABACALES Y AFINES",
403,"INTERNOS-MANUF.TABACALES HOJAS","INTERNOS-TABACOS/MANUFACTURAS TABACALES - HOJAS PICADAS",
405,"INTERNOS-IMPORT.TABACOS ELABOR","INTERNOS-TABACOS/IMPORTADORES DE TABACOS ELABORADOS",
408,"TABACOS/COMERCIALIZAC.TABACOS","TABACOS/COMERCIALIZACION DE TABACOS",
413,"TABACOS/DESNAT. DE TABACOS","TABACOS/DESNATURALIZACION DE TABACOS",
414,"INTERNOS-DESEQ PROV S/CIGARR.","INTERNOS-FONDO TRANSIT FINANCIACION DESEQ.PROV.S/CIGARRILLOS",
415,"TABACOS/DEPOSITOS GRALES","TABACOS / DEPOSITOS GENERALES",
417,"INTERNOS-DESTIL ALCOHOL INDUST","INTERNOS-ALCOHOLES/DESTILADOR ALCOHOL INDUSTRIAL",
418,"INTERNOS-DESTILADOR TANQUES ","INTERNOS-ALCOHOLES/DESTILADORES DE TANQUES CERRADOS",
419,"INTERNOS-DEST.SUBPR.ALCOH ETIL","INTERNOS-ALCOHOLES/DESTILADOR SUBPRODUCTOS ALCOHOL ETILICO",
420,"INTERNOS-FRACCION.ALCOHOL ETIL","INTERNOS-FRACCIONAMIENTO ALCOHOL ETILICO",
383,"REG.FACIL.PAGO DTO.493/95 F624","PRESENTACION ESPONTANEA Y FACILIDADES DE PAGO DTO.493/95",
349,"PRES.ESPONTANEA DTO.271/95","PRESENTACION ESPONTANEA Y FAC.DE PAGO DTO.271/95",
350,"REVALUACION HACIENDA L.23079","REVALUACION DE HACIENDA LEY 23079",
351,"CONTRIBUCIONES SEG. SOCIAL","CONTRIBUCIONES SEGURIDAD SOCIAL",
352,"CONTRIBUCIONES OBRA SOCIAL","CONTRIBUCIONES DE LAS OBRAS SOCIALES",
353,"RETENCIONES CONTRIB.SEG.SOCIAL","RETENCIONES CONTRIBUCIONES DE LA SEGURIDAD SOCIAL",
355,"REGIMEN FACILIDADES DE PAGO","REGIMEN FACILIDADES DE PAGO",
358,"CONTRIB.SEG.SOCIAL AUTONOMOS","CONTRIBUCIONES DE LA SEGURIDAD SOCIAL AUTONOMOS",
359,"FONDO TRANSIT.P/FINANC.L.23562","FONDO TRANSIT.PARA FINANC.DESEQ.FISC.PROV.L.23562 ART. V",
361,"INTERNOS- TABACOS","INTERNOS - TABACOS - SITRIB",
362,"INTERNOS-ALCOHOLES","INTERNOS-ALCOHOLES-SITRIB",
363,"INTERNOS-BEBIDAS ALCOHOL ","INTERNOS-BEBIDAS ALCOHOLICAS-SITRIB",
364,"INTERNOS-VINO CHAMPAGNE ","INTERNOS-IMPUESTOS INTERNOS VINOS CHAMPAGNE-SITRIB",
365,"INTERNOS-SEGUROS ","INTERNOS-SEGUROS SITRIB",
366,"ADICIONAL EMERG.CIGARRILLOS","ADICIONAL DE EMERGENCIA SOBRE CIGARRILLOS LEY N° 24625",
377,"COM LIQ L.23966/24699 ART 2doA","COMB LIQ L.23966 (AERONAF.SOLV.AGUARR.NAF.VIRG.GASOLINA NAT)",
380,"DTO.271/95 FORM.627 R.III","PRESENTAC.ESPONTANEA Y FACIL.DE PAGO DTO.271/95-F.627 R.III",
381,"DTO.271/95 FORM.627 R.IV","PRESENTAC.ESPONTANEA Y FACIL.DE PAGO DTO.271/95-F.627 R.IV",
382,"DTO.271/95 FORM.627 R.V","PRESENTAC.ESPONTANEA Y FACIL.DE PAGO DTO.271/95-F.627 R.V",
246,"INT.Y AJUSTES DEP.PLAZO FIJO","INTERESES Y AJUSTES DEPOSITOS A PLAZO FIJO LEY 23658",
250,"MORATORIA DTO.963/95","MORATORIA DTO.963/95",
251,"FACILIDADES PAGO DTO.1053/96","FACILIDADES DE PAGO DTO.1053/96",
270,"CONTRIB.VALES ALIMENT.L.24700","CONTRIBUCION SOBRE VALES ALIMENTARIOS LEY 24700",
300,"FAC.PAGO IVA IMP.DEF.BS.USO","FAC.PAGO IVA IMPORTAC.DEFINIT.BS.USO ORG.ESTATALES RG.4318",
301,"EMPLEADOR-APORTES SEG. SOCIAL","EMPLEADOR-APORTES DE LA SEGURIDAD SOCIAL LEY 24241",
302,"APORTES OBRAS SOCIALES","APORTES DE OBRAS SOCIALES",
304,"ENTRADAS ESPEC.CINEMATOGRAFICO","ENTRADAS ESPECTACULOS CINEMATOGRAFICOS LEY 24377",
305,"IMPTO. S/VIDEOGRAMA GRABADOS","IMPUESTO A LOS VIDEOGRAMAS GRABADOS R.G.3916. LEY 24377",
306,"IMPTO.S/SERV.RADIODIFUSION TV.","SERVICIOS DE RADIODIFUSION TV Y CABLES LEY 24377",
307,"IMPTO.S/RADIODIFUSION AM/FM","SERVICIOS DE RADIO AM Y FM. LEY 24377",
308,"APORTES SEG.SOCIAL AUTONOMOS","APORTES DE LA SEGURIDAD SOCIAL (AUTONOMOS)",
309,"PRESENTAC.ESPONTANEA RG.4043","PRESENTACION ESPONTANEA Y FACILIDADES DE PAGO RG.4043",
310,"NORMALIZAC.TRIBUTARIA L 23495","NORMALIZACION TRIBUTARIA LEY 23495",
311,"TRANSF.DE VALORES MOBILIARIOS","TRANSFERENCIA DE VALORES MOBILIARIOS",
312,"ASEG.RIESGO DE TRABAJO L 24557","ASEGURADORAS RIESGO DE TRABAJO LEY 24557",
318,"BENEF.EVENTUALES RET.INDIVID.","BENEFICIOS EVENTUALES RET.INDIVIDUALES Y SALDO DDJJ",
319,"BENEF.EVENTUALES RET.GOBALES","BENEFICIOS EVENTUALES RET.GLOB.ESCRIB. Y CESIONARIOS",
239,"INTERNOS- AUTOM Y MOTOR GASOIL","INTERNOS-AUTOMOTORES Y MOTORES GASOIL LEY 24698",
195,"PRES.ESPONTANEA DTO.631/92","PRESENTACION ESPONTANEA DECRETO 631/92",
196,"FACILIDADES PAGO D.631/92","FACILIDADES DE PAGO DTO.631/92",
197,"REINTEGRO IVA TURISTAS RG.3495","REINTEGRO IVA TURISTAS RG.3495",
198,"F.PAGO PROM.IND.RG.3662 GAN","FACILIDADES DE PAGO-PROMOCION INDUSTRIAL-RG.3662 GANANCIAS",
199,"F.PAGO PROM.IND.RG.3662 IVA","FACILIDADES DE PAGO-PROMOCION INDUSTRIAL-RG.3662 IVA",
200,"F.PAGO PROM.IND.RG.3662 CAP","FACILIDADES DE PAGO-PROMOCION INDUSTRIAL-RG.3662 CAPITALES",
201,"F.PAGO PROM.IND.RG.3662 P.NETO","FACILIDADES DE PAGO-PROMOCION INDUSTRIAL-RG.3662 PATRIM.NETO",
202,"F.PAGO PROM.IND.RG.3662 ACTIV","FACILIDADES DE PAGO-PROMOCION INDUSTRIAL-RG.3662 ACTIVOS",
203,"PRES.ESPONTANEA DTO.932/93","PRESENTACION ESPONTANEA DTO.932/93",
204,"FACILIDADES DE PAGO D.932/93","FACILIDADES DE PAGO DTO.932/93",
205,"REINTEGRO IVA DTO.937/93","REINTEGRO FISCAL VENTA BIENES DE CAPITAL DTO. 937/93",
206,"GANANCIAS RG.2793","GANANCIAS RG.2793 - SISTEMA 2000",
210,"GANANCIAS REG ESP INGR RG 830","GANANCIAS REGIMEN ESPECIAL DE INGRESO - RG 830",
214,"FONDO SOLIDARIO REDISTRIBUCION","FONDO SOLIDARIO DE REDISTRIBUCION DTO.292/95",
220,"PRESENTAC. DJ RET. Y/O PERCEP","PRESENTACION DE DD.JJ. DE RETENCIONES Y/O PERCEPCIONES",
235,"REG.FAC.PAGO GANANCIAS RG.4047","REGIMEN FACILIDADES DE PAGO IMPUESTO A LAS GANANCIAS RG.4047",
236,"REG.FACILIDADES PAGO RG.4047","REGIMEN DE FACILIDADES DE PAGO RG.4047",
237,"REG.FAC.PAGO BS.PERS.RG.4051","REGIMEN DE FACILIDADES DE PAGO S/LOS BIENES PERSONALES",
248,"PRESENTAC.ESPONTANEA D.493/95","PRESENTACION ESPONTANEA F.632 DTO.493/95",
32,"IVA EXENTO","IVA EXENTO",
33,"IVA RESPONSABLE NO INSCRIPTO","IVA RESPONSABLE NO INSCRIPTO",
34,"IVA NO ALCANZADO","IVA NO ALCANZADO",
72,"RESP DEUDA AJENA BS.PERS.","RESPONSABLE DE DEUDA AJENA  BIENES PERSONALES",
73,"RESP DEUDA AJENA GAN MIN PRES","RESPONSABLE DE DEUDA AJENA GANANCIA MINIMA PRESUNTA",
432,"ALCOHOLES-COM.ALCOHOL ETILICO","ALCOHOLES-COMERCIANTE DE ALCOHOL ETILICO",
433,"ALCOHOLES-MANIP.ALCOHOL ETILIC","ALCOHOLES-MANIPULACION ALCOHOL ETILICO",
445,"ALCOHOLES-FRAC.ALCOHOL DESNAT.","ALCOHOLES-FRAC.ALCOHOL DESNATURALIZADO P/USO DOMESTICO",
23,"MONOTRIBUTO-INTEG.DE SOCIEDAD","MONOTRIBUTO-INTEGRANTE DE SOCIEDAD",
12,"EXENTO EN GANANCIAS","EXENTO EN GANANCIAS",
972,"SUBSIDIO FLIARES.PERS.COMERCIO","CAJA SUBSIDIOS FAMILIARES PERSONAL EMPLEADOS DE COMERCIO",
973,"CAFPE ACT.MARIT.FLUV.Y DE INDU","CAFPE ACTIVIDAD MARITIMA,FLUVIAL Y DE LA INDUSTRIA NAVAL",
974,"ANSES FAC.PAGO OBRAS SOCIALES","ANSES PLAN FACILIDADADES DE PAGO OBRAS SOCIALES",
976,"DEUDAS PREV.FAC.PAGO D.933/93","DEUDAS PREVISIONALES FAC. PAGO RES RG.3687 D.933/93",
985,"FAC.PAGO PREVISIONALES RG.3762","FACILIDADES DE PAGO PREVISIONALES RG.3762",
986,"FAC.PAGO OBRA SOCIALES","PLAN FACILIDADES DE PAGO OBRAS SOCIALES",
987,"FAC.PAGO ASOC.SINDICALES O.S.","PLAN FAC.DE PAGO ASOCIAC. SINDICALES DE TRABAJ. Y O.S.",
988,"PLAN FAC.DE PAGO AUTONOMOS","PLAN FAC. DE PAGO AUTONOMOS DTO.2104/93",
989,"F.PAGO PREVISIONAL DTO.1164/93","REGIMEN FACILIDADES DE PAGO PREVISIONAL DTO.1164/93",
990,"MORATORIA AUTONOMOS RES.421/85","MORATORIA AUTONOMOS RESOLUCION ANSES 421/85",
991,"APORTES PREVIS.TESORO GRAL.","APORTES PREVISIONALES TESORO GENERAL DE LA NACION",
992,"MORAT.EMPLEADORES RES.420/85","MORATORIA EMPLEADORES RESOLUCION ANSES 420/85",
993,"MORATORIA RES.86/90 INPS","MORATORIA ANSES RES.86/90",
994,"MORATORIA RES.174-158/91","MORATORIA ANSES RES.174-158/91",
995,"MORATORIA RES.271/89","MORATORIA ANSES RES.271/89",
996,"ANSES DISTRIBUCION SECUNDARIA","ANSES DISTRIBUCION SECUNDARIA",
997,"SUSS DTO.2284/91 EMPLEADORES","SUSS DTO.2284/91 EMPLEADORES",
998,"REG.NACIONAL OBRAS SOCIALES","REGIMEN NACIONAL DE OBRAS SOCIALES",
492,"INTERNOS MOTONAFTA, ALCONAFTA","INTERNOS - MOTONAFTA, ALCONAFTA LEY 23549",
493,"INTERNOS GAS L.23549","INTERNOS GAS LEY 23549",
494,"INTERNOS -SERVICIO TELEFONICO","INTERNOS SERVICIO TELEFONICO LEY 23549",
495,"APUESTAS DE CARRERAS L.11242","APUESTAS DE CARRERAS LEY 11242",
496,"FONDO.NAC.AUTOPISTAS L.18408","FONDO NACIONAL DE AUTOPISTAS LEY 18408",
498,"SELLOS LEY 11290","SELLOS LEY 11290",
727,"GANANCIAS ADUANA","GANANCIAS ADUANA",
728,"IVA RETENCIONES GLOB.ADUANA","IVA RETENCIONES GLOBALES ADUANA",
729,"IVA ADUANA","IMPUESTO AL VALOR AGREGADO ADUANA",
761,"PRESENTAC.ESPONTANEA RG.3962","REGIMEN PRESENTACION ESPONTANEA Y FAC.DE PAGO RG.3962",
830,"IVA ADUANA","IMPUESTO AL VALOR AGREGADO ADUANA",
831,"IVA PERCEPCIONES ADUANA","IVA PERCEPCIONES ADUANA",
832,"INTERNOS NACIONALES-ADUANA","INTERNOS NACIONALES-ADUANA",
833,"TABACOS/ADUANA","TABACOS/ADUANA",
834,"A LOS COMBUSTIBLES ADUANA","A LOS COMBUSTIBLES ADUANA",
835,"GANANCIAS RETENCIONES EXCEPTO","GANANCIAS RETENCIONES EXCEPTO SUELDOS ADUANA",
951,"APORTES EX-CAJAS PROV./MUNICIP","APORTES EX-CAJAS PROVINCIALES Y MUNICIPALES",
966,"REG.SEG.SOCIAL-AUTONOMOS","ANSES LEY 18820-AUTONOMOS (PRE-SIJIP)",
968,"ACTAS DE FISCALIZACION-ANSES","ACTAS DE FISCALIZACION-ANSES",
969,"ANSES PAGO MORATORIA Y EMPLEAD","ANSES PAGO MORATORIA Y EMPLEADORES",
971,"CAJA SUBS.FAM.PERS.INDUSTRIA","CAJA SUBSIDIOS FAMILIARES PERSONAL DE LA INDUSTRIA",
10,"GANANCIAS SOCIEDADES","IMP. A LAS GANANCIAS LEY 20628 - PERSONAS EXISTENCIA IDEAL",
11,"GANANCIAS PERSONAS FISICAS","IMP. A LAS GANANCIAS LEY 20628 - PERSONAS EXISTENCIA VISIBLE",
20,"MONOTRIBUTO","MONOTRIBUTO",
21,"MONOTRIBUTO AUTONOMO","MONOTRIBUTO AUTONOMOS",
22,"MONOTRIBUTO SEG.SOCIAL","MONOTRIBUTO SEGURIDAD SOCIAL",
25,"GANANCIA MINIMA PRESUNTA","GANANCIA MINIMA PRESUNTA",
26,"INT.PAG.Y COSTO FINAN.ENDEUDAM","SOBRE INT.PAGADOS Y EL COSTO FINANC.DEL ENDEUDAM.EMPRESARIO",
27,"PATRIMONIO NETO","IMPUESTO SOBRE EL PATRIMONIO NETO",
30,"IVA","IMPUESTO AL VALOR AGREGADO LEY 23349 y sus modificaciones",
31,"RENTAS DIVERSAS","RENTAS DIVERSAS",
35,"PRESENT.ESPONTANEA DTO.935/97","PRESENTACION ESPONTANEA DECRETO 935/97",
38,"FACILIDADES DE PAGO DTO.938/97","FACILIDADES DE PAGO DECRETO 938/97",
48,"HONORARIOS AGENTES FISCALES","HONORARIOS DE AGENTES FISCALES",
50,"REG.FACILIDADES PAGO RG.50","REGIMEN FACILIDADES DE PAGO OBRAS SOCIALES RG.50",
55,"SELLOS LEY 18524","SELLOS LEY 18524",
65,"EMERG.AUTOMOTORES","EMERGENCIA A AUTOMOTORES Y OTROS-FONDO NAC.INCENTIVO DOCENTE",
70,"INTERNOS- NACIONALES LEY 21425","INTERNOS- NACIONALES LEY 21425",
71,"CONTROL REND.BANCARIAS S.2000","CONTROL DE RENDICIONES BANCARIAS SISTEMA 2000",
102,"GRAVAMEN A SERV.AUX.NAVEGACION","GRAVAMEN A LOS SERVICIOS AUXILIARES DE NAVEGACION LEY 19870",
111,"TRANSF.VALORES MOBILIARIOS","TRANSFERENCIA DE VALORES MOBILIARIOS",
113,"ADIC.EMERG.TIT.PUBLIC.RG.3320","IMPUESTO ADICIONAL EMERGENCIA TITULOS PUBLICOS RG.3320",
120,"SOBRE LOS CAPITALES","IMPUESTO SOBRE LOS CAPITALES",
121,"PLAN FACILIDADES PAGO RG.184","PLAN DE FACILIDADES DE PAGO RG.184",
122,"FAC.PAGO DEUDA S/GTIA.RG.184","PLAN DE FACILIDADES DE PAGO DEUDA SIN GARANTIA RG.184",
123,"PRESENTACION ESPONTANEA RG.184","PRESENTACION ESPONTANEA RG.184",
124,"PRES.ESPONTANEA DEUDA S/GTIA.","PRESENTACION ESPONTANEA DEUDA SIN GARANTIA RG.184",
132,"BENEF.PROV.INVERS.CAP.EXTRANJ.","ESPECIAL A LOS BENEF.ADIC.PROV.DE INVERS.CAP.EXTRANJERO",
133,"REG.FACILIDADES PAGO D.1164/93","REGIMEN FACILIDADES DE PAGO DECRETO 1164/93",
134,"F.PAGO CONCURSOS PREV. RG.3762","REG.FAC.PAGO DGI CONCURSOS PREVENTIV.A RESOLUCION RG.3762",
137,"TASAS JUDICIALES L.23898","TASAS JUDICIALES LEY 23898",
141,"HONORARIOS ABOGADOS Y PERITOS","HONORARIOS DE ABOGADOS Y PERITOS",
146,"ZONAS AFECTADAS POR INUNDACION","ZONAS AFECTADAS POR INUNDACIONES",
148,"REG.ESPEC.FACILIDADES DE PAGO","REGIMEN ESPECIAL DE FACILIDADES DE PAGO",
150,"REVALUACION HACIENDA L.23079","REVALUACION DE HACIENDA LEY 23079",
151,"AHORRO OBLIGATORIO L.23256","AHORRO OBLIGATORIO LEY 23256",
152,"INTERESES AHORRO OBLIGATORIO","INTERESES AHORRO OBLIGATORIO LEY 23256",
153,"REGIMEN CONDONACION SANCIONES","REGIMEN DE CONDONACION DE SANCIONES LEY 23495",
154,"FONDO P/EDUC.Y PROM.COOPTIVA.","FONDO PARA EDUCACION Y PROMOCION COOPERATIVA LEY 23427",
155,"REG.FACILIDADES PAGO RG.2757","REGIMEN DE FACILIDADES DE PAGO RG.2757",
156,"REG.FAC.CONCURSOS Y QUIEBRAS","REGIMEN DE FACILIDADES DE PAGO-CONCURSOS Y QUIEBRAS RG.3116",
157,"AHORRO OBLIGATORIO L.23549","AHORRO OBLIGATORIO LEY 23549",
158,"INTERES AHORRO OBLIGATORIO","INTERESES AHORRO OBLIGATORIO LEY 23549",
159,"FONDO TRANSIT.P/FINANC.DESEQ.","FONDO TRANSIT.PARA FINANC.DESEQ.FISCAL PROVINCIAL LEY 23562",
161,"ADICIONAL EMERG.TIT.PUBLICOS","ADICIONAL EMERGENCIA TITULOS PUBLICOS",
162,"REG.FACILIDADES PAGO RG.3011","REGIMEN DE FACILIDADES DE PAGO RG.3011",
163,"EMERGENC.AGROPECUARIA RG.3018","EMERGENCIA AGROPECUARIA LEY 23667 RG.3018",
164,"FONDO EMERG.LOCATIVA RG.3033","FONDO DE EMERGENCIA LOCATIVA LEY 23680 ART.4",
165,"S/ACTIVOS FINANCIEROS D.560/89","EMERGENCIA SOBRE LOS ACTIVOS FINANCIEROS DTO.560/89",
166,"SUSPENSION REG.PROM.(GAN.)","SUSPENSION REG.PROMOCION L.23697 IMP.A LAS GANANCIAS",
167,"SUSPENSION REG.PROM.(IVA)","SUSPENSION REG.PROMOCION L.23697 IMP.AL VALOR AGREGADO",
168,"SUSPENSION REG.PROM.(CAP.)","SUSPENSION REG.PROMOCION L.23697 IMP.A LOS CAPITALES",
169,"SUSPENSION REG.PROM.(PN)","SUSPENSION REG.PROMOCION L.23697 IMP.AL PATRIMONIO NETO",
170,"CONTRIBUCION SOLIDARIA L.23740","CONTRIBUCION SOLIDARIA PROGRAMA EMERG.NACIONAL LEY 23740",
171,"REG.FAC.PAGO DTO.1299/89","REGIMEN DE FACILIDADES DE PAGO DECR. 1299/89",
172,"IMPUESTO TRANSF DE INMUEBLES","IMPUESTO TRANSFERENCIA DE INMUEBLES",
173,"EMERG.S/UTILIDADES ENT.FINANC.","DE EMERG.S/UTILIDADES ENTIDADES FINANCIERAS RG.3082 L.23763",
174,"CONTRIB.ESPEC.EMERG.L.23764","CONTRIB.ESPECIAL DE EMERG.SOCIEDADES Y EMPRESAS L.23764",
175,"SERVICIOS FINANCIEROS L.23760","SERVICIOS FINANCIEROS LEY 23760 TITULO VII RG 3119",
176,"APORTE ESPEC.DTOS.435 Y 612/90","APORTE ESPEC.ORGANISMOS DEL ESTADO DECRETO 435/90 Y 612/90",
177,"SOBRE LOS ACTIVOS L.23760","IMPUESTO SOBRE LOS ACTIVOS - LEY 23760",
178,"REG.PRES.ESPONT.DTO.1646/90","REGIMEN DE PRESENTACION ESPONTANEA DTO.1646/90",
179,"PLAN FAC.PAGO DTO.1809/90","PLAN DE FACILIDADES DE PAGO DTO.1809/90",
180,"IMPTO.S/BIENES PERSONALES","IMPUESTO SOBRE LOS BIENES PERSONALES L.23966 T.IV",
181,"COMB LIQ L 23966 NAFTAS","COMB LIQ L 23966(NAFTA C/S PLOMO HASTA/MAS 92 R)L24699 2°A  ",
182,"GAS NATURAL L.23966","SOBRE EL GAS NATURAL LEY 23966",
183,"EMERG.AUTOMOV.RURALES RG.3092","DE EMERGENCIA A LOS AUT. RURALES,YATES Y AERONAVES RG.3092",
184,"COMBUST.LIQUIDOS DTO.2733/90","COMB.LIQ.Y OTROS DERIV.DE HIDROCARB.Y GAS NAT.DTO.2733/90",
185,"GRAV.S/ENERGIA ELECT.DTO.2733","GRAVAMEN SOBRE ENERGIA ELECTRICA DTO. 2733/90",
186,"ACTIVOS SOCIEDADES L.23905","SOBRE LOS ACTIVOS SOCIEDADES LEY 23905",
188,"REG.PRES.ESPONTAN.DTO.292/91","REGIMEN DE PRESENTACION ESPONTANEA DTO. 292/91",
189,"REG.FAC.PAGO D.292/91 RG.3318","REGIMEN ESPECIAL DE FACILIDADES DE PAGO DTO. 292/91 RG.3318",
190,"SUSPENSION REG.PROM. L.23697","SUSP.REGIMENES PROMOCION L.23697 IMP.SOBRE ACTIVOS-D.1174/89",
191,"ALICUOTA ADIC.DIVISAS Y B.EXT.","ALICUOTA ADICIONAL(DIVISAS Y BIENES EN EL EXTERIOR)LEY 24073",
192,"DIVISAS Y BS.EXTERIOR L.24073","DIVISAS EN EL PAIS Y BIENES EN EL EXTERIOR LEY 24073",
193,"MONEDAS Y DIVISAS EN EXTERIOR","MONEDAS Y DIVISAS EN EL EXTERIOR",
194,"ACTIVOS UNIPERSONALES","ACTIVOS UNIPERSONALES",
39,"MULTAS INFRACCIONES FORMALES ","MULTAS INFRACCIONES FORMALES Y CLAUSURAS",
160,"TARJETAS ADIC ACRED INSCRIPCIO","TARJETAS ADICIONALES DE ACREDITACION DE INSCRIPCION",
330,"IVA MERCADOS MAYORISTAS ","IVA MERCADOS MAYORISTAS R.G. 3579",
331,"REGIMEN DE FACTURACION RG 3419","REGIMEN DE FACTURACION Y REGISTRACION RG 3419",
396,"COMBUSTIBLES LIQUIDOS IMPORTAD","S/COMBUSTIBLES LIQUIDOS. IMPORTADORES RG 396",
464,"GRAV PETROLEO CRUDO PROCESADO ","GRAVAMEN PETROLEO CRUDO PROCESADO LEY 17574",
486,"GRAV ENERGIA ELECTRICA ","GRAVAMEN ENERGIA ELECTRICA LEY 19287",
487,"GRAV PETROLEO CRUDO PROCESADO","GRAVAMEN PETROLEO CRUDO PROCESADO LEY 19287",
490,"GRAV ENERGIA ELECTRICA L 15336","GRAVAMEN ENERGIA ELECTRICA LEY 15336",
497,"GRAV GAS NATURAL L 16656","GRAVAMEN GAS NATURAL LEY 16656",
582,"TRANSFERENCIA DE DIVISAS","TRANSFERENCIA DE DIVISAS",
730,"OPERADORES RG 3569","OPERADORES RG 3569",
51,"REG DE FAC DE PAGO OBRAS SOCIA","REGIMEN DE FACILIDADES DE PAGO OBRAS SOCIALES",
14,"PRECIOS DE TRANSFERENCIA","PRECIOS DE TRANSFERENCIA",
428,"IMPORTADOR DE PERF A BASE DE A","IMPORTADOOR DE PERFUME A BASE DE ALCOHOL",
435,"MANIPUL ALCOHOL ETILICO","MANIPULADOR ALCOHOL ETILICO",
442,"USUARIO ALCOHOL EXENTO","USUARIO ALCOHOL EXENTO",
444,"FABRICAC PERFUME A BASE DE ALC","FABRICACION DE PERFUME A BASE DE ALCOHOL",
447,"MANIPULADOR ALCOHOL DESNAT","MANIPULADOR ALCOHOL DESNATURALIZADO PARA CARBON",
410,"ACOPIADORES DE TABACO","ACOPIADORES DE TABACO",
416,"MANUFACTURA DE CIGARRILLO","MANUFACTURA DE CIGARRILLO",
443,"I ALCOHOL FAB DESTIL","IMPUESTO ALCOHOLES FABRICANTE APARATOS DESTILADORES",
446,"ALCOHOLES FRAC ALC DESNAT","ALCOHOLES FRACCIONADOR ALCOHOL DESNATURALIZADO USO MEDICINAL",
436,"ALCHOLES COMERCIALIZACION MAYO","ALCOHOLES COMERCIALIZACION MAYORISTA PRODUCTORES DE ALCOHOLE",
429,"IMPORTADOR ALCOHOL ETILICO","IMPORTADOR ALCOHOL ETILICO",
437,"USUARIO PRODUCTOS ALCOHOLICOS","USUARIO PRODUCTOS ALCOHOLICOS",
367,"INTERNOS-SERV TEL CEL Y SATEL","INTERNOS-SERVICIOS DE TELEFONIA CELULAR Y SATELITAL",
368,"INTERNOS-CHAMPAÑAS","INTERNOS A LAS CHAMPAÑAS",
369,"INTERNOS-VEHIC AUTOM EMBARC","INTERNOS-VEHICULOS AUTOMOT Y MOTORES, EMBARCAC Y AERONAVES",
60,"FAC  PAGO DTO 93/2000","PLAN DE FACILIDADES DE PAGO DTO 93/2000",
62,"FAC DE PAGO LEY 25190","FAC DE PAGO LEY 25190 REESTRUCTURACION DE PASIVOS BANCARIOS",
15,"EMERGENCIA SOBRE ALTAS RENTAS","IMPUESTO DE EMERGENCIA SOBRE ALTAS RENTAS",
40,"REG.ESP.FAC.PAGO","REGIMEN ESPECIAL DE FACILIDADES DE PAGO",
61,"DECRETO 93/00 DEUDA CONCURSADA","DECRETO 93/00 DEUDA CONCURSADA",
74,"F.PAG.RG.896-Reg.Gral.","Plan de Facilidades de Pago R.G. 896 Regimen General",
75,"F.PAG RG.896-REG.EXC.PL.REG. ","PLAN FACILIDADES PAGO RG.896-REG EXCEPCION-PLAN REGULAR",
76,"F.PAG RG.896-REG.EXC.IRREG. ","PLAN FACILIDADES PAGO RG.896-REG EXCEPCION-PLAN IRREGULAR",
104,"RÉG.ESP.FAC.PAGO-RG,574-RG 904","REGIMEN ESP FACILIDADES DE PAGO-MEDIDAS SALVAGUARDIA-RG 574",
77,"F PAGO-REG EXC REG-CONCURSADOS","PLAN DE FAC DE PAGO-REGIMEN DE EXCEPCION REGULAR-CONCURSADOS",
78,"FAC PAGO-REG EXC REG-FALLIDOS","PLAN DE FAC DE PAGO-REGIMEN DE EXCEPCION REGULAR-FALLIDOS",
781,"INFRACCIONES LEY 22415","INFRACCIONES LEY 22415",
57,"FAC.PAGO-REG.EXCEPIRREG CONCUR","PLAN DE FAC.PAGO-REGIMEN EXCEPCION IRREGULAR-CONCURSADOS",
58,"FAC.PAGO-REG.EXCEPIRREG FALLID","PLAN DE FAC.PAGO-REGIMEN EXCEPCION IRREGULAR-FALLIDOS",
59,"FAC.PAG.REG.EXCEP.DEUD.QUIROG.","PLAN DE FAC.PAGO-REGIMEN EXCEPCION-DEUDA QUIROGRAFARIA",
397,"COMB LIQ L 23966 GAS LICUADO","COMB LIQ L 23966 GAS LICUADO USO AUTOMOTOR ",
771,"DERECHOS DE IMPORTACION","DERECHOS DE IMPORTACION",
770,"DERECHOS DE EXPORTACION","DERECHOS DE EXPORTACION",
149,"IMP S/DEB Y CRED EN CTA CTE","IMPUESTO SOBRE LOS DEBITOS Y CREDITOS EN CUENTA CORRIENTE ",
772,"TASA ESTADISTICA- ADUANA","TASA ESTADISTICA-ADUANA",
773,"TASA  EQUIP.PRECIOS-ADUANA","TASA DE EQUIPARACION DE PRECIOS-ADUANA",
774,"DERECHOS ANTIDUMPING-ADUANA","DERECHOS ANTIDUMPING-ADUANA",
775,"TASA SERV EXTRAORD.-ADUANA","TASA SERVICIOS EXTRAORDINARIOS-ADUANA",
776,"TASA COMPROBACION-ADUANA","TASA COMPROBACION-ADUANA",
777,"OTRAS TASAS-ADUANA","OTRAS TASAS-ADUANA",
778,"FONDO NAC MARINA MERCAN-ADUANA","FONDO NACIONAL DE LA MARINA MERCANTE-ADUANA",
779,"INTA-ADUANA","INTA-ADUANA",
780,"INTI-ADUANA","INTI-ADUANA",
398,"IMPUESTO S/GAS OIL","IMPUESTO SOBRE EL GAS OIL, GAS LICUADO Y BIODIESEL",
41,"P.FAC PAGO-RG896 RESTO REG GRA","PLAN FAC DE PAGO - RG 896 RESTO REGIMEN GENERAL",
42,"P.FAC PAGO-RG896 RESTO REG EXC","PLAN FAC DE PAGO - RG 896 RESTO REGIMEN EXCEPCIÓN",
43,"MULTAS L. 11683","MULTAS LEY 11683",
142,"P ESP FAC PAGO L 22681","PLAN ESPECIAL DE FACILIDADES DE PAGO - LEY 22681",
143,"PAGO A CTA. FUTUR OBLIGACIONES","PAGO A CUENTA DE FUTURAS OBLIGACIONES",
293,"REGULARIZ DTO 793/94","REGULARIZACIÓN DECRETO 793/94",
100,"SOLIC.COMPENSACIÓN-IMP.DE CRED","SOLICITUD DE COMPENSACIÓN-IMPUTACION DE CREDITOS",
105,"PFP-DTO.1384/01-IMPOSITIVAS","PLAN DE FACILIDADES DE PAGO-DTO 1384/01 OBLIGAC.IMPOSITIVAS",
106,"PFP-DTO.1384/01-SEG. SOCIAL","PLAN DE FACILIDADES DE PAGO-DTO 1384/01 OBLIGAC. SEG.SOCIAL",
101,"SOLICITUD DE DEVOLUCIÓN","SOLICITUD DE DEVOLUCIÓN",
228,"FONDO HIDRIC DE INFRAESTRUCTUR","FONDO HIDRICO DE INFRAESTRUCTURA",
144,"IVA-USUARIOS SERVICIO MOLIENDA","IVA-USUARIOS DEL SERVICIO DE MOLIENDA",
107,"PFP-DTO.1384/01-IMPOSIT-CONCUR","PLAN DE FAC DE PAGO-DTO 1384/01-IMPOSITIVAS-CONCURSADOS",
108,"PFP-DTO.1384/01-SEG.SOC.CONCUR","PLAN DE FAC.DE PAGO-DTO 1384/01 OBLIGAC.SEG.SOC.-CONCURSADOS",
130,"IVA RG.3298","IMPUESTO AL VALOR AGREGADO-RG.3298",
230,"IVA RG.3298-JTA NAC DE GRANOS ","IVA R.G. 3298 JUNTA NACIONAL DE CARNES",
354,"APORTES Y CONTR.O.S. PRE-SIJP","APORTES Y CONTR.O.S. PRE-SIJP",
139,"IMP S/DEB Y CRED OP.EXENTAS","IMPUESTOS SOBRE LOS CRÉDITOS Y DEBITOS-OPERACIONES EXENTAS",
109,"PFP-IMPOSIT DTO.338/2002","PLAN DE FACILIDADES DE PAGO-IMPOSITIVO-DECRETO 338/2002",
110,"PFP-SEG.SOC.DTO.338/2002","PLAN DE FACILIDADES DE PAGO-SEG.SOCIAL-DECRETO 338/2002",
114,"PFP-DTO.338/02-IMPOSIT-CONCURS","PLAN FAC PAGO-DECRETO 338/02-OBLIGAC.IMPOSITIVAS-CONCURSADOS",
115,"PFP-DTO.338/02-SEG.SOC-CONCURS","PLAN FAC PAGO-DECRETO 338/02-OBLIGAC.SEG.SOC.-CONCURSADOS",
340,"PFP.ESTAB.FAENADORES-IMPOSITIV","PFP.ESTAB.FAENADORES.DTO.609/02-IMPOSITIVO",
341,"PFP-ESTAB.FAENADOR-SEG.SOCIAL","PFP-ESTAB.FAENADORES-DTO.609/02-SEG.SOCIAL",
229,"RECARGO SOBRE EL GAS NATURAL","RECARGO SOBRE EL GAS NATURAL",
36,"REG.INF.INGRESOS-EGRESOSRG1242","REGIMEN DE INFORMACION DE INGRESOS Y EGRESOS-RG1242",
360,"CONTRIBUCION RENATEA","CONTRIB.REGISTRO NAC. DE TRABAJADORES RURALES Y EMPLEADORES ",
231,"PFP-D.1384/01 Z.DESASTRE-IMPOS","P.FAC.PAGO-DTO.1384/01-ZONA DESASTRE-DTO.1386/01-IMPOSITIVO",
232,"PFP-D.338/02 Z.DESASTRE-IMPOS","P.FAC.PAGO-DTO.338/02-ZONA DESASTRE-DTO.1386/01-IMPOSITIVO",
385,"PFP-D.338/01-Z.DESASTRE-SEG.SO","P.FAC.PAGO-DTO.338/01-Z.DESASTRE-DTO.1386/01-SEGURIDAD SOCIA",
384,"PFP-D.1384/01-Z.DESAST-SEG.SOC","P.FAC.PAGO-DTO.1384/01-Z.DESAST-DTO.1386/01-SEGURIDAD SOCIAL",
481,"INTERNOS-OBJETOS SUNTUARIOS","INTERNOS-OBJETOS SUNTUARIOS",
64,"SICORE-IMPTO.EMERG.AUTOMOTORES","SICORE-IMPTO.EMERG.AUTOMOTORES",
147,"SICORE-S/DEB.CTA.CTE.Y O.OPER.","SICORE-S/DEB.CTA.CTE.Y O.OPER.",
187,"REG.RET.TRANSF.INM.P.F.23905","REG.RET.TRANSF.INM.P.F.23905",
207,"REG.RET.A LAS GANANCIAS","REG.RET.A LAS GANANCIAS",
208,"RET.GAN.RG2651-PRE-SICORE","RET.GAN.RG2651-PRE-SICORE",
209,"REG.RET.A LAS GANANCIAS","REG.RET.A LAS GANANCIAS",
213,"REG.RET.A LAS GANANCIAS","REG.RET.A LAS GANANCIAS",
217,"SICORE-IMPTO.A LAS GANANCIAS","SICORE-IMPTO.A LAS GANANCIAS",
218,"IMP.A LAS GAN.- BENEF.DEL EXT.","IMPUESTO A LAS GANANCIAS - BENEFICIARIOS DEL EXTERIOR",
224,"REG.RET.A LAS GANANCIAS","REG.RET.A LAS GANANCIAS",
254,"IVA PRODUCTORES GANADO","IVA PRODUCTORES GANADO",
255,"IVA GANADO BOVINO RG 3125","IVA GANADO BOVINO RG 3125",
256,"IVA COMPRAVTA GANADO RG3298","IVA COMPRAVTA GANADO RG3298",
257,"IVA OPER.COMPRA-VENTA FAEN GAN","IVA OPER.COMPRA-VENTA FAEN GAN",
258,"IVA OPER.COMP-VENTA PROD.YSUBP","IVA OPER.COMP-VENTA PROD.YSUBP",
259,"IVA OPER.COMPRA-VENTA REDEST.","IVA OPER.COMPRA-VENTA REDEST.",
260,"IVA C. VTA MAT FAENA GANADO","IVA C. VTA MAT FAENA GANADO",
261,"IVA USUARIOS FAENA BOVINO ","IVA USUARIOS FAENA BOVINO ",
262,"IVA ESTABLECIMIENTO FAENADOR","IVA ESTABLECIMIENTO FAENADOR",
263,"IVA CONSIGNATARIOS DE HACIENDA","IVA CONSIGNATARIOS DE HACIENDA",
264,"IVA SUPERMERCADOS","IVA SUPERMERCADOS",
265,"IVA CONSIGNATARIOS DE CARNE","IVA CONSIGNATARIOS DE CARNE",
267,"IVA ESTAB FAENADOR PORCINO","IVA ESTAB FAENADOR PORCINO",
268,"IVA CONSIG HACIENDA PORCINO","IVA CONSIG HACIENDA PORCINO",
269,"IVA USUARIO FAENA PORCINO","IVA USUARIO FAENA PORCINO",
731,"IVA GANADO PORCINO","IVA GANADO PORCINO",
732,"REG.PAGO A CUENTA IVA SALONES ","REG.PAGO A CUENTA IVA SALONES ",
733,"IVA RESTAURANTES","IVA RESTAURANTES",
734,"REG PAGO A CUENTA-IVA GARAGES,","REG PAGO A CUENTA-IVA GARAGES,",
735,"IVA RETENCIONES","IVA RETENCIONES",
736,"RETENCION RESTAURANTES HOTELES","RETENCION RESTAURANTES HOTELES",
737,"PAGO A CUENTA-IVA","PAGO A CUENTA-IVA",
738,"IVA POLLOS PARRILLEROS","IVA POLLOS PARRILLEROS",
739,"IVA CAL Y CEMENTO","IVA CAL Y CEMENTO",
760,"IVA HARINAS Y DERIV DE TRIGO","IVA HARINAS Y DERIV DE TRIGO",
767,"SICORE - RETENCIONES Y PERCEPC","SICORE - RETENCIONES Y PERCEPCIONES - IMPUESTO AL VALOR AGRE",
967,"CONV.GREMIAL-AFA","CONV.GREMIAL-AFA",
970,"CONV.GREMIAL-ALGODONERA","CONV.GREMIAL-ALGODONERA",
977,"CONV.GREMIAL-AZUCARERA","CONV.GREMIAL-AZUCARERA",
979,"CONV.DE C.GREMIAL-LANERO","CONV.DE C.GREMIAL-LANERO",
980,"CONV.DE C.GREMIAL-TABACALERO","CONV.DE C.GREMIAL-TABACALERO",
981,"CONV.DE C.GREMIAL-GANADERO","CONV.DE C.GREMIAL-GANADERO",
982,"CONV.DE C.GREMIAL-VIÑATERO","CONV.DE C.GREMIAL-VIÑATERO",
983,"CONV.GREMIAL-CEREALERO(GRUESA)","CONV.GREMIAL-CEREALERO(GRUESA)",
984,"CONV.C.GREMIAL-FORESTAL CHACO","CONV.C.GREMIAL-FORESTAL CHACO",
466,"SICORE-PREMIOS JUEGOS Y C.DEP","SICORE-PREMIOS JUEGOS Y C.DEP",
978,"CONV.GREMIAL-CEREALERO","CONV.GREMIAL-CEREALERO",
357,"RNOS AP/CONT ASIG NO REM D1273","RNOS APORTES Y CONTRIBUCIONES ASIG. NO REMUNER.DTO.1273/02",
356,"PAMI AP/CONT ASIG NO REM D1273","INSSJP APORTES Y CONTRIBUCIONES ASIG. NO REMUNER.DTO.1273/02",
394,"RAFA-IMPOSITIVO/CONTRIBUCIONES","RAFA-REG.ASISTENCIA FINANCIERA AMPLIADA-IMPOSITIVO/CONTRIB",
135,"IMPUESTO","IMPUESTO",
136,"IMPUESTO","IMPUESTO",
145,"RAFA-RET BENEF EXTERIOR","RAFA-REG.ASISTENCIA FINANCIERA AMPLIADA- RET BENEF EXTERIOR ",
386,"SEGURIDAD SOCIAL","SEGURIDAD SOCIAL",
390,"SEGURIDAD SOCIAL","SEGURIDAD SOCIAL",
118,"PFP-DTO2724 IMPOSIT.DEUDA 2002","PFP-DTO 2724 IMPOSITIVO DEUDA 2002",
119,"PFP-DTO2724 IMPOSIT.DEUDA 2003","PFP-DTO.2724 IMPOSITIVA DEUDA 2003",
391,"PFP-DTO2724 SEG.SOC.DEUDA 2002","PFP-DTO2724 SEG.SOC.DEUDA 2002",
392,"PFP-DTO2724 SEG.SOC.DEUDA 2003","PFP-DTO2724 SEG.SOC.DEUDA 2003",
226,"DEPOSITOS JUDICIALES","DEPOSITOS JUDICIALES",
37,"GARANTIAS","GARANTIAS",
376,"MONOTRIB AUTONOMOS DEUDA SICAM","MONOTRIBUTO AUTONOMOS DEUDAS SICAM",
400,"RAFA-SEG SOCIAL/APORTES","RAFA-REG.ASISTENCIA FINANCIERA AMPLIADA SEG SOCIAL/APORTE   ",
112,"DTO905-REFOR.PLAN.ANTER.93/00","DTO.905-REFORMULACION PLAN ANTERIORES AL 93/00",
103,"REGIMENES DE INFORMACIÓN","REGIMENES DE INFORMACIÓN",
116,"PFP-AUTON MONOTRIB D 27/07/04 ","PLAN DE FACILIDADES DE PAGO AUT Y MONOTR - DESDE 27/07/04",
117,"PFP-IMPOSITIVO DECRETO 1541/04","PLAN FACILIDADES DE PAGO IMPOSITIVO - DECRETO 1541/04",
374,"PLAN F. PAGO AUTONOM Y MONOTR ","PLAN DE FACILIDADES DE PAGO - AUTONOMOS Y MONOTRIBUTO",
375,"PFP AUTON Y MONOTR CONCURSADOS","PLAN FAC DE PAGO - AUTONOMOS Y MONOTRIBUTO CONCURSADOS",
211,"BP-ACCIONES O PARTICIPACIONES","BIENES PERSONALES-ACCIONES O PARTICIPACIONES",
221,"PRESENT DJ COMBUSTIBLES LIQ","PRESENTACION DJ COMBUSTIBLES LIQUIDOS",
52,"TASA S/ACTUACIONES ANTE TFN","TASA SOBRE LAS ACTUACIONES ANTE TRIBUNAL FISCAL DE LA NACION",
348,"AFA-Clubes de Fútbol-Dto.1212 ","AFA - Clubes de Fútbol - Dto. 1212/03",
782,"DOCUMENTO ELECTRONICO ADUANERO","DOCUMENTO ELECTRONICO ADUANERO",
24,"MONOTRIBUTO OBRA SOCIAL","MONOTRIBUTO  RÉGIMEN NACIONAL DE OBRAS SOCIALES",
125,"PFP-IMPOSITIVO","PLAN FACILIDADES DE PAGO IMPOSITIVO",
126,"PFP-IMPOSITIVO","PLAN FACILIDADES DE PAGO IMPOSITIVO",
127,"REGIMEN REGULARIZ VOLUNT 24476","REGIMEN DE REGULARIZACIÓN VOLUNTARIA LEY 24476",
128,"PFP- SEGURIDAD SOCIAL","PLAN FACILIDADES DE PAGO SEG SOCIAL",
129,"PFP- SEGURIDAD SOCIAL","PLAN FACILIDADES DE PAGO SEG SOCIAL",
7,"Penalidades RENDITA y ACRETA","Penalidades Rendiciones Tardías y Acreditaciones Tardías",
53,"TASA REGISTRO PROPIED.INMUEBLE","TASA DE INSCRIPCION AL REGISTRO DE LA PROPIEDAD INMUEBLE",
79,"REG.FAC.PAGO-MIS FACILIDADES","RÉGIMEN FACILIDADES DE PAGO- MIS FACILIDADES",
3,"INFORMACION NO TRIBUTARIA","INFORMACION NO TRIBUTARIA",
4,"INSCRIPCIÓN DE SOCIEDADES RNS","INSCRIPCIÓN DE SOCIEDADES EN REGISTRO NACIONAL DE SOCIEDADES",
5,"DDJJ  INEXISTENCIA DEUDA RNSS","DDJJ INEXISTENCIA DEUDA RNSS",
240,"NAFTA FONDO HIDRICO DE INFR. ","FONDO HIDRICO DE INFRAESTRUCTURA - NAFTA",
241,"GAS,FONDO HIDRICO DE INFR.","FONDO HIDRICO DE INFRAESTRUCTURA - GAS",
140,"Honorario Art 64, ley 24.946  ","Honorarios Art 64, ley Nº 24.946 ",
2020,"DERECHOS DE EXPORTACION","DERECHOS DE EXPORTACION",
2021,"DERECHOS EXPO.INT.RESARCITORIO","DERECHOS DE EXPORTACION INTERESES RESARCITORIOS",
2022,"DERECHOS EXPO.INT.PUNITORIO","DERECHOS DE EXPORTACION INTERESES PUNITORIOS",
2023,"DERECHOS EXPO. OTROS INTERESES","DERECHOS EXPORTACION OTROS INTERESES",
2026,"DERECHOS EXPORTACION ADICIONAL","DERECHOS DE EXPORTACION ADICIONAL",
2027,"DER. ADIC. EXPO RES 61/07 MEP ","DERECHO ADICIONAL DE EXPORTACION RES. 61/07 MEP ",
2414,"IVA INTERESES RESARCITORIOS","IVA INTERESES RESARCITORIOS",
2415,"IVA","IVA",
2416,"IVA INTERESES FINANCIEROS","IVA INTERESES FINANCIEROS",
2425,"IVA DEV. REINT. REEM","IVA DEVOLUCION DE REINTEGROS Y REEMBOLSOS",
2509,"Arancel Unico Servicios Adua.","Arancel Unico Servicios Aduaneros",
2510,"Intereses Aranc.Uni.Serv.Adua.","Intereses Arancel Unico Servicios Aduaneros",
2511,"Tasa Aerop. Serv. Aduan.","Tasa Aeroportuaria Servicios Aduaneros",
2028,"D.EXP.ART52LEY27541","DERECHO EXPORTACION ART. 52 DE LA LEY27541",
85,"CANON MENSUAL TURIVA","CANON MENSUAL TURIVA",
83,"CERTIFICADO DE CREDITO FISCAL","CERTIFICADO DE CREDITO FISCAL",
66,"EXTERIORIZACIÓN - LEY 26.476","EXTERIORIZACIÓN DE TENENCIA DE MONEDAS Y BIENES. LEY 26476",
2111,"BONOS ADUANEROS","BONO ADUANEROS",
2512,"Multa AUSA","Multa Arancel Unico Servicios Aduaneros",
90,"REPOSICIÓN DE TOKEN","REPOSICIÓN DE TOKEN",
2010,"DERECHOS DE IMPORTACION","DERECHOS DE IMPORTACION",
2011,"TASA DE ESTADISTICA","TASA DE ESTADISTICA",
2012,"DERECHOS ANTIDUMPING 1","DERECHOS ANTIDUMPING 1",
2013,"DERECHO COMPENSATORIO","DERECHO COMPENSATORIO",
2014,"IMPUESTO EQUIP. DE PREC.","IMPUESTO EQUIPARACION DE PRECIOS",
2015,"DERECHO ESPECIFICO","DERECHO ESPECIFICO",
2016,"SUMA AD.TEM. D1330-04","SUMA ADICIONAL TEMPORAL DECRETO 1330/04",
2017,"DERECHO ANTIDUMPING 2","DERECHO ANTIDUMPING 2",
2018,"DER.IMP.AJ.EQ.PRE.1","DERECHO IMPORTACION AJUSTE EQUIPARACION PRECIOS 1",
2019,"DERECHO COMPENSATORIO (2)","DERECHO COMPENSATORIO (2)",
2029,"PAGO 90% EN DJVE","PAGO 90% EN DJVE",
2030,"SUMA AD. NAC. DE. 1330-04","SUMA ADICIONAL NACIONALIZACION DECRETO 1330-04",
2031,"TASA DE COMPROBACION","TASA DE COMPROBACION DE DESTINO",
2032,"TASA LEY 24196","TASA LEY 24196",
2033,"MULTA ARR. FUERA TER.","MULTA ARRIBO FUERA DE TERMINO",
2034,"DIEM-SALVAG.","DIEM SALVAGUARDIA",
2035,"INT. RESARC. IMPORTACION","INTERESES RESARCITORIOS IMPORTACION",
2036,"INT. PUNITOR.IMPORTACION","INTERESES PUNITORIOS DE IMPORTACION",
2037,"OTROS INT. IMPORT.","OTROS INTERESES IMPORTACION",
2040,"FDO.GRAT.LEY 23993","FONDO GRAT. LEY 23993",
2041,"MULTA DEST. FUERA TER.","MULTA DESTINACION FUERA DE TERMINO",
2042,"MULTA GRAL. F. DOC. COMP.","MULTA GENERAL FALTA DOCUMENTACION COMPLEMENTARIA",
2043,"VARIOS","VARIOS",
2044,"FDO. JER. LEY 23993","FONDO JERARQUIZACION LEY 23993",
2046,"MULTA NO TOMAR CONT.","NULTA NO TOMAR CONTENIDO",
2047,"MULTA FALTA DOC. COMP.","NULTA FALTA DOCUMENTACION COMPLEMENTARIA",
2048,"MULTA TRANS. ART. 320","NULTA TRANSGRESION ARTICULO 320",
2049,"DTO. 258 PROD. EF. Y FISC.","DECRETO 258 PRODUCTIVIDAD EFICIENCIA Y FISCALIZACION",
2050,"D.A-DUMP 1/MERCOSUR","DERECHO ANTIDUMPING 1 MERCOSUR",
2051,"D.A-DUMP 2/MERCOSUR","DERECHO ANTIDUMPING 2 MERCOSUR",
2052,"I. EQUIP. PRECIOS MERC","IMPUESTO DE EQUIPARACION DE PRECIOS",
2053,"D.I. AJ. EQ. PR. MERC. 1","DERECHO IMPORTACION AJUSTE EQUIPARACION DE PRECIOS MERC. 1",
2054,"DER. IMP. AJ. EQ. PRE. 2","DERECHO IMPORTACION AJUSTE EQUIPARACION DE PRECIOS 2",
2055,"DER. IMP. AJ. EQ. PRE. 2 MERC","DERECHO IMPORTACION AJUSTE EQUIPARACION DE PRECIOS 2 MERC.",
2056,"DER. IMP. USADOS R.909/94","DERECHO IMPORTACION USADOS RESOLUCION 909/94",
2057,"DER. IMP. USADOS R.12/98","DERECHO IMPORTACION USADOS RESOLUCION 12/98",
2058,"DER. ANTIDUMP. AD. VALOR","DERECHO IMPORTACION ANTIDUMPING AD. VALOR",
2059,"DER. ESPECIF. OMC","DERECHO ESPECIFICO OMC",
2060,"DER. ESPECIF. CALZADO","DERECHO ESPECIFICO CALZADO",
2061,"TASA ESTAD. MONTO MAX.","TASA ESTADISTICA MONTO MAXIMO",
2062,"TASA ESTAD. MONTO MAX.2","TASA ESTADISTICA MONTO MAXIMO 2",
2063,"MULTA FALTA DOC. COMP.","MULTA FALTA DOCUMENTACION COMPLEMENTARIA",
2064,"MULTA DES. FUERA TER.","MULTA DESTINACION FUERA TERMINO",
2065,"DIEM - CHINA","DIEM CHINA",
2066,"TASA REDUCIDA","TASA REDUCIDA",
2210,"DER. IMPOR. AAE","DERECHO IMPORTACION AREA ADUANERA ESPECIAL",
2217,"IMP. INTERNOS AAE","IMPUESTOS INTERNOS AREA ADUANERA ESPECIAL",
2285,"VALOR EN AD. AAE","VALOR EN ADUANA AREA ADUANERA ESPECIAL",
2286,"VALOR EN AD. A PAG.","VALOR EN ADUANA A PAGAR",
2417,"IMPUESTOS INTERNOS","IMPUESTOS INTERNOS",
2418,"IMP. TRANSF. GASOIL","IMPUESTOS TRANSFERENCIA GASOIL",
2419,"IMP. INT. CIGARRILLOS","IMPUESTOS INTERNOS CIGARRILLOS",
2420,"IVA DEV. REINT.REE","IVA DEVOLUCION REINTEGROS",
2426,"INFRAESTRUC.HIDRICA","INFRAESTRUCTURA HIDRICA",
2427,"IMP.INT. L24699 ART.3","IMPUESTOS INTERNOS LEY 24699 ART. 3",
2428,"I.COMB.LIQ. L24699 2","IMPUESTO A LOS COMBUSTIBLES LIQUIDOS LEY 24699 2",
2433,"IVA AD NOINS NOCVDI","IVA ADICIONAL NO INSCRIPTOS NO CVDI",
2434,"IMP. INT. DEC.290/00","IMPUESTOS INTERNOS DECRETO 290/00",
2435,"I.COMB.LIQ.ADVALOREM","IMPUESTO A LOS COMBUSTIBLES LIQUIDOS AD VALOREM",
2436,"I.COMB.LIQ.L24699 ADVA","IMPUESTO A LOS COMBUSTIBLES LIQUIDOS LEY 24699 AD VALOREM",
2437,"IMP.INT.CIGARR.MAX.","IMPUESTO INTERNO CIGARRILLOS MONTO MAXIMO",
2438,"IMP.INT.CIGARR.MIN.","IMPUESTO INTERNO CIGARRILLOS MONTO MINIMO",
2439,"INFRAEST.HID.ADVALOR","INFRAESTRUCTURA HIDRICA AD VALOREM",
2440,"AFIP L 23993 ART. 2C","AFIP LEY 23993 ART. 2 C",
2441,"GENDARMERIA NACIONAL 2 C","GENDARMERIA NACIONAL 2 C",
2442,"PREFECTURA N ARG. 2C","PREFECTURA NAVAL ARGENTINA 2 C",
2443,"POLICIA FEDERAL ARGENTINA 2 C","POLICIA FEDERAL ARGENTINA 2 C",
2444,"POL. AERONAUTICA NAC.","POLICIA AERONAUTICA NACIONAL",
2445,"GEO FSEG.DTO.258/99","GEO FUERZA DE SEGURIDAD DTO. 258/99",
2473,"IM.TRA.GASOIL L26325","IMPUESTO A LA TRANSFERENCIA DE GASOIL LEY 26325",
2474,"IM.INT.AUTOM.L24674","IMPUESTOS INTERNOS AUTOMOTORES LEY 24674",
2500,"ARANCEL SIM IMPO","ARANCEL SIM IMPORTACION",
2501,"ARANCEL SIM EXPO","ARANCEL SIM EXPORTACION",
2502,"FACT-CONVERGENCIA(I)","FACTOR DE CONVERGENCIA DE IMPORTACION",
2505,"DEVOLUCION FC (E)","DEVOLUCION FC (E)",
2506,"DEVOLUCION FC (I)","DEVOLUCION FC (I)",
2802,"FACT-CONVER.IMPO (G)","FACTOR DE CONVERGENCIA DE IMPORTACION GARANTIA",
2803,"FACT-CONVER.AAE (G)","FACTOR DE CONVERGENCIA AREA ADUANERA ESPECIAL GARANTIA",
2819,"IMP.INT.CIGARR (G)","IMPUESTOS INTERNOS CIGARRILLOS GARANTIA",
2820,"DER.SALV.INTR. (G)","DERECHOS SALVAGUARDIA INTRAZONA GARANTIA",
2821,"IVA.SALV.INTR. (G)","IVA SALVAGUARDIA INTRAZONA GARANTIA",
2822,"IVA AD.SALV.INTR. (G)","IVA ADICIONAL SALVAGUARDIA INTRAZONA GARANTIA",
2823,"GCIAS.SALV.INTR (G)","GANACIA SALVAGUARDIA INTRAZONA",
2824,"I.INT.SALV.INTR (G)","IMPUESTOS INTERNOS SALVAGUARDIA INTRAZONA",
2849,"DEVOL.BENEFICIOS (G)","DEVOLUCION DE BENEFICIOS GARANTIA",
2850,"FALTA TIT.TRANSPORTE (G)","FALTA DEL TITULO DE TRASNPORTE GARANTIA",
2851,"ESTADISTICA (G)","ESTADISTICA GARANTIA",
2852,"IVA (G)","IVA GARANTIA",
2853,"IMP.INTERNOS (G)","IMPUESTOS INTERNOS GARANTIA",
2854,"IVA ADIC.INSCR (G)","IVA ADICIONAL INCRIPTOS GARANTIA",
2855,"IVA ADIC.NO INSC (G)","IVA ADIC.NO INSC (G)",
2856,"IMP.GANANCIAS(G)","IMPUESTOS A LAS GANANCIAS(G)",
2857,"DER.ANTI-DUMP 1 (G)","DERERCHOS ANTI-DUMPING 1 (G)",
2858,"DER.ANTI-DUMP 2 (G)","DERERCHOS ANTI-DUMPING 2 (G)",
2859,"IMP.INT.A-DUMP 1 (G)","IMPUESTOS INTERNOS ANTI-DUMPING 1 (G)",
2860,"IVA ANTIDUMPING (G)","IVA ANTIDUMPING (G)",
2861,"IVA ADI.R.I DUMP. (G)","IVA ADI.R.I DUMP. (G)",
2862,"IVA ADI.R.N.I DUM. (G)","IVA ADI.R.N.I DUM. (G)",
2863,"IMP.GCIAS.DUMP. (G)","IMP.GCIAS.DUMP. (G)",
2864,"D.A-DUMP1 MERCO. (G)","D.A-DUMP1 MERCO. (G)",
2865,"D.A-DUMP2 MERCO. (G)","D.A-DUMP2 MERCO. (G)",
2866,"DER.IMPORTACION (G)","DERECHOS DE IMPORTACION(G)",
2867,"DER.COMPENSATOR (G)","DERECHOS COMPENSATORIOS (G)",
2868,"I.EQ.DE PRECIOS (G)","I.EQ.DE PRECIOS (G)",
2869,"DER.ESPECIFICO (G)","DERECHO ESPECIFICO (G)",
2870,"DER.IMP.ADICIONAL(G)","DER.IMP.ADICIONAL(G)",
2874,"IMP.COMB.LIQUID (G)","IMP.COMB.LIQUID (G)",
2871,"DER.EXPORTACION (G)","DERECHOS DE EXPORTACION (G)",
2872,"TASA COM.DESTINO (G)","TASA COM.DESTINO (G)",
2873,"I.V.A. INTERESES (G)","I.V.A. INTERESES (G)",
2882,"MULTA RES 763/305 ","MULTA RESOLUCION 763/305 ",
2883,"MULTA F. CERT. INSP.","MULTA F. CERT. INSP.",
2884,"D.I. USAD.R.12/98 (G)","D.I. USAD.R.12/98 (G)",
2885,"VALOR EN ADUANA","VALOR EN ADUANA",
2886,"D.I. USAD.G.R.909/94","D.I. USAD.G.R.909/94",
2887,"I.INT.L 24699 A.3 (G)","I.INT.L 24699 A.3 (G)",
2889,"I.C.LIQ.L24699 2 (G)","I.C.LIQ.L24699 2 (G)",
2891,"DIEM-CHINA (G)","DIEM-CHINA 2(G)",
2892,"DIEM IVA (G)","DIEM IVA (G)",
2893,"DIEM IVAAD (G)","DIEM IVAAD (G)",
2894,"DIEM IMP GCIAS (G)","DIEM IMP GCIAS (G)",
2895,"DIF DIEM OMC (G)","DIF DIEM OMC (G)",
2896,"DIF DIEM CHINA (G)","DIF DIEM CHINA (G)",
2897,"DIF DIEM DI (G)","DIF DIEM DI (G)",
2898,"IMP.INT.AUTL24674 (G)","IMP.INT.AUTL24674 (G)",
2899,"D.ANTIDUM.AD-VALOR (G)","D.ANTIDUM.AD-VALOR (G)",
2101,"GARANTIAS BUENOS AIRES","GARANTIAS BUENOS AIRES",
2103,"GARANTIAS BAHIA BLANCA","GARANTIAS BAHIA BLANCA",
2104,"GARANTIAS BARILOCHE","GARANTIAS BARILOCHE",
2108,"GARANTIAS CAMPANA","GARANTIAS CAMPANA",
2110,"GARANTIAS BARRANQUERAS","GARANTIAS BARRANQUERAS",
2112,"GARANTIAS CLORINDA","GARANTIAS CLORINDA",
2113,"GARANTIAS COLON","GARANTIAS COLON",
2114,"GARANTIAS COMODORO RIVADAVIA","GARANTIAS COMODORO RIVADAVIA",
2115,"GARANTIAS CONC.DEL URUGUAY","GARANTIAS CONCEPCION DEL URUGUAY",
2116,"GARANTIAS CONCORDIA","GARANTIAS CONCORDIA",
2117,"GARANTIAS CORDOBA","GARANTIAS CORDOBA",
2118,"GARANTIAS CORRIENTES","GARANTIAS CORRIENTES",
2119,"GARANTIAS PUERTO DESEADO","GARANTIAS PUERTO DESEADO",
2120,"GARANTIAS DIAMANTE","GARANTIAS DIAMANTE",
2123,"GARANTIAS ESQUEL","GARANTIAS ESQUEL",
2126,"GARANTIAS GUALEGUAYCHU","GARANTIAS GUALEGUAYCHU",
2129,"GARANTIAS IGUAZU","GARANTIAS IGUAZU",
2131,"GARANTIAS JUJUY","GARANTIAS JUJUY",
2133,"GARANTIAS LA PLATA","GARANTIAS LA PLATA",
2134,"GARANTIAS LA QUIACA","GARANTIAS LA QUIACA",
2137,"GARANTIAS MAR DEL PLATA","GARANTIAS MAR DEL PLATA",
2138,"GARANTIAS MENDOZA","GARANTIAS MENDOZA",
2140,"GARANTIAS NECOCHEA","GARANTIAS NECOCHEA",
2141,"GARANTIAS PARANA","GARANTIAS PARANA",
2142,"GARANTIAS PASO DE LOS LIBRES","GARANTIAS PASO DE LOS LIBRES",
2145,"GARANTIAS POCITOS","GARANTIAS POCITOS",
2146,"GARANTIAS POSADAS","GARANTIAS POSADAS",
2147,"GARANTIAS PUERTO MADRYN","GARANTIAS PUERTO MADRYN",
2148,"GARANTIAS RIO GALLEGOS","GARANTIAS RIO GALLEGOS",
2149,"GARANTIAS RIO GRANDE","GARANTIAS RIO GRANDE",
2152,"GARANTIAS ROSARIO","GARANTIAS ROSARIO",
2153,"GARANTIAS SALTA","GARANTIAS SALTA",
2154,"GARANTIAS SAN JAVIER","GARANTIAS SAN JAVIER",
2155,"GARANTIAS SAN JUAN","GARANTIAS SAN JUAN",
2157,"GARANTIAS SAN LORENZO","GARANTIAS SAN LORENZO",
2158,"GAR.S.MARTIN DE LOS ANDES","GARANTIAS SAN MARTIN DE LOS ANDES",
2159,"GARANTIAS SAN NICOLAS","GARANTIAS SAN NICOLAS",
2160,"GARANTIAS SAN PEDRO","GARANTIAS SAN PEDRO",
2161,"GARANTIAS SANTA CRUZ","GARANTIAS SANTA CRUZ",
2162,"GARANTIAS SANTA FE","GARANTIAS SANTA FE",
2166,"GARANTIAS TINOGASTA","GARANTIAS TINOGASTA",
2167,"GARANTIAS USHUAIA","GARANTIAS USHUAIA",
2169,"GARANTIAS VILLA CONSTITUCION","GARANTIAS VILLA CONSTITUCION",
2173,"GARANTIAS EZEIZA","GARANTIAS EZEIZA",
2174,"GARANTIAS TUCUMAN","GARANTIAS TUCUMAN",
2175,"GARANTIAS NEUQUEN","GARANTIAS NEUQUEN",
2176,"GARANTIAS ORAN","GARANTIAS ORAN",
2178,"GARANTIAS SAN RAFAEL","GARANTIAS SAN RAFAEL",
2179,"GARANTIAS LA RIOJA","GARANTIAS LA RIOJA",
2180,"GARANTIAS SAN ANTONIO OESTE","GARANTIAS SAN ANTONIO OESTE",
2182,"GARANTIAS BERNARDO DE IRIGOYEN","GARANTIAS BERNARDO DE IRIGOYEN",
2183,"GARANTIAS SAN LUIS","GARANTIAS SAN LUIS",
2184,"GARANTIAS SANT0 TOME","GARANTIAS SANT0 TOME",
2186,"GARANTIAS OBERA","GARANTIAS OBERA",
2301,"MNA BUENOS AIRES","MNA BUENOS AIRES",
2303,"MNA BAHIA BLANCA","MNA BAHIA BLANCA",
2304,"MNA BARILOCHE","MNA BARILOCHE",
2308,"MNA CAMPANA","MNA CAMPANA",
2310,"MNA BARRANQUERAS","MNA BARRANQUERAS",
2312,"MNA CLORINDA","MNA CLORINDA",
2313,"MNA COLON","MNA COLON",
2314,"MNA COMODORO RIVADAVIA","MNA COMODORO RIVADAVIA",
2315,"MNA CONCEPCION DEL URUGUAY","MNA CONCEPCION DEL URUGUAY",
2316,"MNA CONCORDIA","MNA CONCORDIA",
2317,"MNA CORDOBA","MNA CORDOBA",
2318,"MNA CORRIENTES","MNA CORRIENTES",
2319,"MNA PTO DESEADO","MNA PUERTO DESEADO",
2320,"MNA DIAMANTE","MNA DIAMANTE",
2323,"MNA ESQUEL","MNA ESQUEL",
2324,"MNA FORMOSA","MNA FORMOSA",
2325,"MNA GOYA","MNA GOYA",
2326,"MNA GUALEGUAYCHU","MNA GUALEGUAYCHU",
2329,"MNA IGUAZU","MNA IGUAZU",
2331,"MNA JUJUY","MNA JUJUY",
2333,"MNA LA PLATA","MNA LA PLATA",
2334,"MNA LA QUIACA","MNA LA QUIACA",
2337,"MNA MAR DEL PLATA","MNA MAR DEL PLATA",
2338,"MNA MENDOZA","MNA MENDOZA",
2340,"MNA NECOCHEA","MNA NECOCHEA",
2341,"MNA PARANA","MNA PARANA",
2342,"MNA PASO DE LOS LIBRES","MNA PASO DE LOS LIBRES",
2345,"MNA POCITOS","MNA POCITOS",
2346,"MNA POSADAS","MNA POSADAS",
2347,"MNA PTO MADRYN","MNA PTO MADRYN",
2348,"MNA RIO GALLEGOS","MNA RIO GALLEGOS",
2349,"MNA RIO GRANDE","MNA RIO GRANDE",
2352,"MNA ROSARIO","MNA ROSARIO",
2353,"MNA SALTA","MNA SALTA",
2354,"MNA SAN JAVIER","MNA SAN JAVIER",
2355,"MNA SAN JUAN","MNA SAN JUAN",
2357,"MNA SAN LORENZO","MNA SAN LORENZO",
2358,"MNA SAN MARTIN DE LOS ANDES","MNA SAN MARTIN DE LOS ANDES",
2359,"MNA SAN NICOLAS","MNA SAN NICOLAS",
2360,"MNA SAN PEDRO","MNA SAN PEDRO",
2361,"MNA SANTA CRUZ","MNA SANTA CRUZ",
2366,"MNA TINOGASTA","MNA TINOGASTA",
2362,"MNA SANTA FE","MNA SANTA FE",
2367,"MNA USHUAIA","MNA USHUAIA",
2369,"MNA VILLA CONSTITUCION","MNA VILLA CONSTITUCION",
2373,"MNA EZEIZA","MNA EZEIZA",
2374,"MNA TUCUMAN","MNA TUCUMAN",
2375,"MNA NEUQUEN","MNA NEUQUEN",
2376,"MNA ORAN","MNA ORAN",
2378,"MNA SAN RAFAEL","MNA SAN RAFAEL",
2379,"MNA LA RIOJA","MNA LA RIOJA",
2380,"MNA SAN ANTONIO OESTE","MNA SAN ANTONIO OESTE",
2382,"MNA BERNARDO DE IRIGOYEN","MNA BERNARDO DE IRIGOYEN",
2383,"MNA SAN LUIS","MNA SAN LUIS",
2384,"MNA SANTO TOME","MNA SANTO TOME",
2385,"MNA VA REGINA","MNA VILLA REGINA",
2386,"MNA OBERA","MNA OBERA",
2421,"IMP.COMBUST.LIQUIDOS","IMPUESTO A LOS COMBUSTIBLES LIQUIDOS",
2422,"IVA ADICIONAL INSCR.","IVA ADICIONAL INSCRIPTOS",
2423,"IVA ADICIONAL NO INSCR.","IVA ADICIONAL NO INSCRIPTOS",
2424,"IMP. A LAS GANANCIAS","IMPUESTO A LAS GANANCIAS",
2452,"IIBB CORDOBA","INGRESOS BRUTOS CORDOBA",
2453,"IIBB CORRIENTES","INGRESOS BRUTOS CORRIENTES",
2472,"IIBB TUCUMAN","INGRESOS BRUTOS TUCUMAN",
2471,"IIBB TIERRA DEL FUEGO","INGRESOS BRUTOS TIERRA DEL FUEGO",
2467,"IIBB SAN LUIS","INGRESOS BRUTOS SAN LUIS",
2464,"IIBB RIO NEGRO","INGRESOS BRUTOS RIO NEGRO",
2429,"IIBB BUENOS AIRES","INGRESOS BRUTOS BUENOS AIRES",
2449,"INGRESOS BRUTOS - CTA.PTE.","INGRESOS BRUTOS - CUENTA PUENTE",
2499,"AD. FONDOS POR DISTRIBUIR","ADUANA FONDOS POR DISTRIBUIR CUENTA UNICA VEP PAGO PREVIO",
2900,"CUENTA UNICA","CUENTA UNICA RECAUDACION A AFECTAR",
2521,"SERV. DE GUARDA Y DIG.(LAKAUT)","SERVICIO DE GUARDA Y DIGITALIZACION (LAKAUT)",
2522,"REINT.GASTOS ADM. INF.","REINTEGROS DE GASTOS ADMINISTRATIVOS INFORMATICOS",
28,"SEGURO DE VIDA COLECTIVO","SEGURO DE VIDA COLECTIVO OBLIGATORIO",
313,"SERV. COMUNICACIÓN AUDIOVISUAL","SERVICIOS DE COMUNICACIÓN AUDIOVISUAL - LEY 26.522",
314,"SCA Art 96 Inc A, D y/o E.","SERV.COMUNIC.AUDIOVISUAL. LEY 26.522 Art. 96 incs. A,D y/o E",
1012,"ARANCELES DE OFICIO","ARANCELES DE OFICIO",
1013,"ARANCELES E INGRESOS VARIOS","ARANCELES E INGRESOS VARIOS",
783,"RÉG.APLICACIÓN FONDOS EXT.","RÉGIMEN APLICACIÓN FONDOS EXTERIORIZADOS",
91,"COMISIONES POR SERV. DE RECA.","COMISIONES POR SERVICIOS DE RECAUDACIÓN",
499,"DEPOSITO ACTA FISC. LEY 18820","DEPOSITO PREVIO ACTA FISCALIZACION LEY 18820",
2387,"MNA CALETA OLIVIA","MNA CALETA OLIVIA",
2700,"Hono. Abog. y Peritos - Aduana","Honorarios Abogados y Peritos - Aduana",
2515,"ARANCEL DECLARACIONES SUMARIAS","ARANCEL DECLARACIONES SUMARIAS",
2516,"INT. ARANCEL DECL. SUMARIAS","INTERESES ARANCEL DECLARACIONES SUMARIAS",
935,"RENATEA","APORTES RENATEA",
2388,"MNA GENERAL DEHEZA","MNA GENERAL DEHEZA",
2188,"GARANTIAS GENERAL DEHEZA","GARANTIAS GENERAL DEHEZA",
2468,"IIBB SANTA CRUZ","INGRESOS BRUTOS SANTA CRUZ",
2189,"GARANTIAS SANTIAGO DEL ESTERO","GARANTIAS SANTIAGO DEL ESTERO",
2389,"MNA SANTIAGO DEL ESTERO","MNA SANTIAGO DEL ESTERO",
242,"Transferencia de Información","Transferencia de Información",
468,"Pago contribuciones AGP","Pago contribuciones Administración General de Puertos",
2300,"CUENTA UNICA MNA","CUENTA UNICA MULTAS NO AUTOMATICAS",
219,"SICORE-IMPTO.S/ BS PERSONALES","SICORE-IMPTO. SOBRE LOS BIENES PERSONALES",
2555,"ANTIC. PAGO TRIBUTOS ADUANEROS","ANTICIPO PAGO DE TRIBUTOS ADUANEROS",
2556,"PAGO DE GARANTES","PAGO DE GARANTES",
6,"F.8102 - APLIC. PERCEP CPRAS E","F. 8102 - APLICACIÓN DE PERCEPCIONES POR COMPRAS EN EL EXTER",
2187,"GARANTIAS CALETA OLIVIA","GARANTIAS CALETA OLIVIA",
785,"PRESENT. DJ SIRE IMPOSITIVO","PRESENTACIÓN DJ SISTEMA RETENCIONES ELECTRÓNICAS IMPOSITIVO",
315,"SCA Art 96 Inc B,C,F y/o G","SERV.COMUNIC.AUDIOVISUAL. LEY 26.522 Art.96 incs.B,C,F y/o G",
8,"DADOR DE TRABAJO SERV. DOM.","DADOR DE TRABAJO SERVICIO DOMÉSTICO",
2024,"DERECHOS DE EXPORTACION CUEROS","DERECHOS DE EXPORTACION CUEROS",
212,"Resp Deuda Ajena BP - Acc o Pa","Responsable Deuda Ajena B.P - Acciones o Particiapciones",
2530,"INT. PUNITORIO IVA","INTERESES PUNITORIOS IVA",
2531,"INT. RESARCITORIO ESTADISTICA","INTERESES RESARCITORIOS ESTADISTICA",
2532,"INT. PUNITORIO ESTADISTICA","INTERESES PUNITORIOS ESTADISTICA",
2533,"INT. RESARCITORIOS GANANCIAS","INTERESES RESARCITORIOS GANANCIAS",
2534,"INT. PUNITORIOS GANANCIAS","INTERESES PUNITORIOS GANANCIAS",
2535,"INT. RES. MULTA FALTA DOC.COMP","INTERESES RESARCITORIOS MULTA FALTA DOC. COMPLEMENTARIA",
2536,"INT. PUN. MULTA FALTA DOC.COMP","INTERESES PUNITORIOS MULTA FALTA DOC. COMPLEMENTARIA",
2537,"INT. RES. IMPUESTOS INTERNOS","INTERESES RESARCITORIOS IMPUESTOS INTERNOS",
2538,"INT. PUN. IMPUESTOS INTERNOS","INTERESES PUNITORIOS IMPUESTOS INTERNOS",
2539,"INT. RES. LEY 24196","INTERESES RESARCITORIOS LEY 24196",
2540,"INT. PUN. LEY 24196","INTERESES PUNITORIOS LEY 24196",
2541,"INT. RES. TASA COMP.DESTINO","INTERESES RESARCITORIOS TASA COMPROBACION DE DESTINO",
2542,"INT. PUN. TASA COMP.DESTINO","INTERESES PUNITORIOS TASA COMPROBACION DE DESTINO",
2710,"D.I. CERT.DES.","D.I.CERT.DESGR.ARAN",
871,"PRESENT.DJ REASIG. DE SALDOS","PRESENTACIÓN DJ REASIGNACIÓN DE SALDOS",
2513,"TASA AEROP.SERV.ADUAN.INTERES","TASA AEROPORTUARIA SERVICIOS ADUANEROS INTERESES",
371,"F.1246 DDJJ PATR.COMP.FLIAR","F.1246 DDJJ PATRIMONIAL COMPLEMENTARIA DEL GRUPO FAMILIAR",
370,"F.1245 DDJJ PATRIMONIAL INT.","F.1245 DECLARACION JURADA PATRIMONIAL INTEGRAL",
740,"Ext.Tenencia M.E.Ley N° 26.860","Exteriorización Tenencia Moneda Extranjera - Ley N° 26.860",
2551,"SERV.DE GUARDA Y DIG. (DASA)","SERVICIO DE GUARDA Y DIGITALIZACION DOCUMENTOS ADUANEROS SA",
215,"RET. SERV. COM. AUDIOVISUAL","RETENCIONES DE SERVICIOS DE COMUNICACION AUDIOVISUAL",
2523,"INT.RES.DEST.FUE.TER.","INTERES RESARCITORIO MULTA DESTINACION FUERA DE TERMINO",
2524,"INT.PUN.DEST.FUE.TER.","INTERES PUNITORIO MULTA DESTINACION FUERA DE TERMINO",
2525,"O.INT.M.DEST.FUE.TER.","OTROS INTERESES MULTA DESTINACION FUERA DE TERMINO",
2430,"ANT.IMP.GANANCIAS EXPORTACION","ANTICIPO IMPUESTO A LAS GANANCIAS EN EXPORTACION",
2025,"DER.IMP.COMPRAS PROV.EXTERIOR","DERECHOS DE IMPORTACION COMPRAS A PROVEEDORES DEL EXTERIOR",
787,"RET ART 79 LEY GCIAS INC A,ByC","IMP A LAS GCIAS RET ART 79 LEY IMP A LAS GCIAS,INC A B y C",
724,"REGIMEN REGULARIZ VOLUNT 26970","REGIMEN DE REGULARIZACION VOLUNTARIA LEY 26970",
946,"CONTRIB. TRAB. CASAS PARTI.","CONTRIBUCIONES TRABAJADORES CASAS PARTICULARES LEY 26.844",
2450,"IIBB CIUDAD BUENOS AIRES","INGRESOS BRUTOS CIUDAD AUTONOMA DE BUENOS AIRES",
2455,"IIBB PROVINCIA CHUBUT","INGRESOS BRUTOS PROVINCIA CHUBUT",
321,"APORTE MAGISTRADOS","APORTE MAGISTRADOS",
49,"HONORARIOS DE REPRES.DEL FISCO","HONORARIOS DE REPRESENTANTES DEL FISCO",
439,"INFORME DELINSPECTOR-INF.TOTAL","INFORME DEL INSPECTOR - REPORTE  RESUMEN DE TOTALES -RG 3561",
786,"ART TRAB. CASAS. PARTI.","ART TRABAJADORES CASAS PARTICULARES. LEY 26.844",
945,"APORTES TRAB. CASAS PARTI.","APORTES TRABAJADORES CASAS PARTICULARES LEY 26.844",
947,"OBRA SOCIAL TRAB. CASAS PARTI.","OBRA SOCIAL TRABAJADORES CASAS PARTICULARES LEY 26.844",
936,"DACIÓN EN PAGO DE ESP.PUBLICI.","DACIÓN EN PAGO DE ESPACIOS PUBLICITARIOS",
2517,"ARANC.UNI.SUSE","ARANCEL UNICO SERVICIOS ADUANEROS",
2518,"SUSE INTERESES","INTERESES ARANCEL UNICO SERVICIOS ADUANEROS",
2519,"MULTA SUSE","MULTA ARANCEL UNICO SERVICIOS ADUANEROS",
438,"CINTA TESTIGO DIGITAL","CINTA TESTIGO DIGITAL - CTD - RG. 3561",
741,"INGRESO A CTA RET Y PERCEP IVA","PRESENTACION INGRESOS A CUENTA RETENC. Y PERCEP. IVA",
5485,"INGRESOS BRUTOS RIO NEGRO","REGIMEN SIMPLIFICADO IMP. SOBRE INGRESOS BRUTOS RIO NEGRO",
5486,"CONTRIBUCION MUN. RIO NEGRO","REGIMEN SIMPLIFICADO CONTRIBUCIÓN MUNICIPAL PCIA RIO NEGRO",
448,"COMPENSACION LEY N° 27541","COMPENSACION LEY N° 27541",
5109,"CABA Percep IIBB Serv Digital","CABA Percepción de IIBB Servicios Digitales",
2039,"Der.Expo.Adic.3","Derecho Exportación Adicional 3",
2038,"Der.Expo.Adic.4","Derecho Exportación Adicional 4",
2070,"ANT.GAN.EXPO/DJVE","ANTICIPO IMPUESTO A LAS GANANCIAS EXPORTACIONES CON DJVE",
409,"LEY N°27260 DECLARACION BIENES","LEY N° 27260 SIST. VOLUNTARIO Y EXCEP. DECLA. BS PAIS Y EXT.",
790,"CCG - INFORME DE DEUDA","CONVENIO DE CORRESPONSABILIDAD GREMIAL - INFORME DE DEUDA",
5578,"INGRESOS BRUTOS JUJUY","REGIMEN SIMPLIFICADO IMPUESTO SOBRE INGRESOS BRUTOS JUJUY",
5579,"CONTRIBUCION MUNICIPAL JUJUY","REGIMEN SIMPLIFICADO CONTRIBUCION MUNICIPAL PCIA JUJUY",
5380,"PERC IIBB NEUQUEN SS DIGITALES","PERC IIBB NEUQUEN SERVICIOS DIGITALES",
725,"Comisiones pagadas en Exceso","Comisiones pagadas en Exceso. Red de cobranza OSIRIS",
411,"LEY 27253- DEVOLUCIÓN DE IVA","LEY 27253-DEV.DE IVA- INFOR. S/DEVOL. DE IVA S/ TARJ DE DEB.",
2454,"II BB PROVINCIA CHACO","INGRESOS BRUTOS PROVINCIA CHACO",
2456,"II BB PROVINCIA ENTRE RIOS","INGRESOS BRUTOS PROVINCIA ENTRE RIOS",
2457,"II BB PROVINCIA FORMOSA","INGRESOS BRUTOS PROVINCIA FORMOSA",
2458,"II BB PROVINCIA JUJUY","INGRESOS BRUTOS PROVINCIA JUJUY",
2459,"II BB PROVINCIA LA PAMPA","INGRESOS BRUTOS PROVINCIA LA PAMPA",
2460,"II BB  PROVINCIA LA RIOJA","INGRESOS BRUTOS PROVINCIA LA RIOJA",
2461,"II BB PROVINCIA MENDOZA","INGRESOS BRUTOS PROVINCIA MENDOZA",
2462,"II BB PROVINCIA MISIONES","INGRESOS BRUTOS PROVINCIA MISIONES",
2463,"II BB PROVINCIA NEUQUEN","INGRESOS BRUTOS PROVINCIA NEUQUEN",
2465,"II BB PROVINCIA SALTA","INGRESOS BRUTOS PROVINCIA SALTA",
2466,"II BB PROVINCIA SAN JUAN","INGRESOS BRUTOS PROVINCIA SAN JUAN",
2469,"II BB PROVINCIA SANTA FE","INGRESOS BRUTOS PROVINCIA SANTA FE",
2470,"II BB PROV.SANTIAGO DEL ESTERO","INGRESOS BRUTOS PROVINCIA SANTIAGO DEL ESTERO",
238,"APORTE SOLIDARIO Y EXTRAORD.","APORTE SOLIDARIO Y EXTRAORD. PARA MORIGERAR EFECTOS PANDEMIA",
2094,"Billetera Electronica","Transferencia de fondos desde CURA a Billetera Electronica",
5070,"REG. SIMPLIFICADO IIBB CHACO","REGIMEN SIMPLIFICADO IMPUESTO SOBRE INGRESOS BRUTOS CHACO",
5071,"CONTRIBUCION MUNICIPAL CHACO","REGIMEN SIMPLIFICADO CONTRIBUCION MUNICIPAL PCIA. CHACO",
1029,"CONTRIB. EXT. CAP. COOPERATIV","CONTRIBUCIÓN EXTRAORDINARIA S/CAPITAL DE COOPERATIVAS",
791,"PLAN DEUDA DTO 814/2001 - CABA","PLAN DEUDA DTO 814/2001 - CIUDAD AUTONOMA DE BUENOS AIRES",
742,"BILLETERA ELECTRONICA - TBI","BILLETERA ELECTRONICA - TBI",
5445,"INGRESOS BRUTOS MENDOZA","REGIMEN SIMPLIFICADO IMPUESTO SOBRE INGRESOS BRUTOS MENDOZA",
5446,"CONTRIBUCION MUNICIPAL MENDOZA","REGIMEN SIMPLIFICADO CONTRIBUCION MUNICIPAL PCIA MENDOZA",
2451,"II BB PROVINCIA CATAMARCA","INGRESOS BRUTOS PROVINCIA CATAMARCA",
5376,"REG. SIMPLIFICADO IIBB NEUQUÉN","RÉGIMEN SIMPLIFICADO IMP. SOBRE LOS INGRESOS BRUTOS NEUQUÉN",
5377,"CONTRIBUCIÓN MUNICIPAL NEUQUÉN","RÉGIMEN SIMPLIFICADO CONTRIBUCIÓN MUNICIPAL PCIA. DE NEUQUÉN",
2045,"MULTAS NO AUTOMATICAS","MULTAS NO AUTOMATICAS",
1014,"REG.FOMENTO DE INVERSION PYMES","REGIMEN DE FOMENTO DE INVERSIONES PARA PYMES",
216,"SIRE -  IVA","SIRE -  IMPUESTO AL VALOR AGREGADO",
2095,"EMBARGO CUENTA UNICA","EMBARGO CUENTA UNICA",
2100,"CUENTA UNICA GARANTIAS EFVO.","CUENTA UNICA DE GARANTIAS EN EFECTIVO",
2199,"CTA. UNICA GARANTIAS RESIDUAL","CUENTA UNICA DE GARANTIAS RESIDUAL",
784,"MULTAS INF FORM PREVISIONALES","MULTAS INFRACCIONES FORMALES Y CLAUSURAS PREVISIONALES",
138,"HONORARIOS PERITO NO CONTABLE","HONORARIOS PERITOS NO CONTABLES",
1018,"CO2 - NAFTAS","DIÓXIDO DE CARBONO - NAFTAS",
1019,"CO2-SOLV. AGUARRAS GASOL.NAF V","DIÓXIDO DE CARBONO SOLVENTES AGUARRASES GASOLINAS Y NAFTAS V",
1020,"CO2 - GASOIL DIESELOIL Y KEROS","DIOXIDO DE CARBONO - GAS OIL DIESEL OIL Y KEROSENE",
1021,"DIOXIDO DE CARBONO - FUEL OIL","DIOXIDO DE CARBONO - FUEL OIL",
1022,"CO2 - COQUE PETROL Y CARB MIN","DIÓXIDO DE CARBONO - COQUE DE PETROLEO Y CARBON MINERAL",
1025,"CEDULARES- VALORES O DEPOSITOS","CEDULARES - REND. O ENAJENACION VALORES O DEPOSITOS A PLAZO",
1026,"CEDULARES - INMUEBLES","CEDULARES - TRANSFERENCIA O ENAJENACION INMUEBLES",
2092,"TARIFA SUSTITUTIVA LIMONES","TARIFA SUSTITUTIVA LIMONES",
2093,"INT. TARIFA SUSTITUTIVA LIMON","INTERESES TARIFA SUSTITUTIVA LIMONES",
5556,"INGRESOS BRUTOS SAN JUAN","REGIMEN SIMPLIFICADO IMPUESTO SOBRE INGRESOS BRUTOS SAN JUAN",
5557,"CONTRIB MUNICIPAL SAN JUAN","REGIMEN SIMPLIFICADO CONTRIBUCION MUNICIPAL PCIA SAN JUAN",
938,"IMPUESTO PAIS","IMPUESTO PARA UNA ARGENTINA INCLUSIVA Y SOLIDARIA (PAIS)",
939,"PERCEPCION IMPUESTO PAIS","PERCEPCION IMPUESTO PARA UNA ARGENTINA INCLUSIVA Y SOLIDARIA",
1031,"CUOTA ESPECIAL ART11 Ley 27639","CUOTA ESPECIAL SEGUNDO PARRAFO ART. 11 Ley 27.639",
99,"Devolución Reversión Otros Org","Devolución Reversiones  Otros Organismos",
5244,"CONTRIBUCION MUNICIPAL CORDOBA","REGIMEN SIMPLIFICADO CONTRIBUCIÓN MUNICIPAL  PCIA CORDOBA",
5243,"REG. SIMPLIFICADO IIBB CORDOBA","REGIMEN SIMPLIFICADO  IMPUESTO SOBRE INGRESOS BRUTOS CORDOBA",
2097,"Pago 90% D.A.","Pago 90% Derecho Adicional Res. 78/2019 MAGYP",
2413,"IVA BANCO SUBASTA","IVA BANCO SUBASTA",
2068,"MULTA SUBASTA","MULTA SUBASTA",
2069,"REMANENTE SUBASTA","REMANENTE SUBASTA",
16,"REINT SALARIO COMPLEMENTARIO","REINTEGRO SALARIO COMPLEMENTARIO",
1011,"NORMALIZACION TENENCIA L 27613","LEY 27613 NORMALIZACION DE TENENCIA PARA CONTRUCCION",
5740,"RS INGRESOS BRUTOS TDF","REGIMEN SIMPLIFICADO IMP. SOBRE LOS INGRESOS BRUTOS TDF",
5741,"CONTRIBUCION MUNICIPAL TDF","REGIMEN SIMPLIFICADO CONTRIBUCION MUNICIPAL PCIA DE TDF",
789,"IMP S/DEB Y CRED EN CTAS BCO","IMPUESTO SOBRE DEB. Y CRED EN CTAS BANCARIAS - SUJETO PERCIB",
2475,"Imp.Diox.Carbono","Impuesto al Dioxido de Carbono ¿ Ley 27430",
937,"REVALUO IMPOSITIVO LEY 27.430","REVALUO IMPOSITIVO - LEY 27.430",
271,"IMPUESTO REMESA DE UTILIDADES","IMPUESTO POR REMESA DE UTILIDADES. ART. 73 INC. B) LIG",
768,"REG. REINTEGRO  CARNES","REGIMEN DE REINTEGRO A CONS. FINALES POR COMPRAS DE CARNE",
748,"LEY 27.705  PPD PREVISIONAL","LEY 27.705 UNIDAD DE PAGO DE DEUDA PREVISIONAL",
440,"ESPECIFICO DE APUESTAS","IMPUESTO ESPECIFICO SOBRE LA REALIZACION DE APUESTAS",
441,"APUESTAS ON LINE","IMPUESTO INDIRECTO SOBRE APUESTAS ON LINE",
5318,"REG SIMPLIF. IIBB CATAMARCA","REGIMEN SIMPLIFICADO IMP. SOBRE INGRESOS BRUTOS CATAMARCA",
1017,"ARANCEL SERV. DE RECAUDACION","ARANCEL SERVICIOS DE RECAUDACION",
1024,"BILLETERA ELECTRONICA AFIP","BILLETERA ELECTRONICA AFIP",
743,"SALIDAS NO DOCUMENTADAS","SALIDAS NO DECUMENTADAS ART. 37 LEY 27430",
5900,"IIBB CONVENIO MULTILATERAL","INGRESOS BRUTOS CONVENIO MULTILATERAL",
5901,"IIBB LOCAL CABA","REGIMEN GENERAL IMPUESTO SOBRE LOS INGRESOS BRUTOS CABA",
5902,"IIBB LOCAL BUENOS AIRES","REGIMEN GENERAL IMP. SOBRE LOS INGRESOS BRUTOS BUENOS AIRES",
5903,"IIBB LOCAL CATAMARCA","REGIMEN GENERAL IMPUESTO SOBRE LOS INGRESOS BRUTOS CATAMARCA",
5904,"REG. GENERAL IIBB CORDOBA","REGIMEN GENERAL IMPUESTO SOBRE LOS INGRESOS BRUTOS CORDOBA",
5905,"IIBB LOCAL CORRIENTES","REGIMEN GENERAL IMP. SOBRE LOS INGRESOS BRUTOS CORRIENTES",
5906,"IIBB LOCAL CHACO","REGIMEN GENERAL IMPUESTO SOBRE LOS INGRESOS BRUTOS CHACO",
5907,"IIBB LOCAL CHUBUT","REGIMEN GENERAL IMPUESTO SOBRE LOS INGRESOS BRUTOS CHUBUT",
5908,"IIBB LOCAL ENTRE RIOS","REGIMEN GENERAL IMP. SOBRE LOS INGRESOS BRUTOS ENTRE RIOS",
5909,"IIBB LOCAL FORMOSA","REGIMEN GENERAL IMPUESTO SOBRE LOS INGRESOS BRUTOS FORMOSA",
5910,"IIBB LOCAL JUJUY","REGIMEN GENERAL IMPUESTO SOBRE LOS INGRESOS BRUTOS JUJUY",
5911,"IIBB LOCAL LA PAMPA","REGIMEN GENERAL IMPUESTO SOBRE LOS INGRESOS BRUTOS LA PAMPA",
5912,"IIBB LOCAL LA RIOJA","REGIMEN GENERAL IMPUESTO SOBRE LOS INGRESOS BRUTOS LA RIOJA",
5913,"IIBB LOCAL MENDOZA","REGIMEN GENERAL IMPUESTO SOBRE LOS INGRESOS BRUTOS MENDOZA",
5914,"IIBB LOCAL MISIONES","REGIMEN GENERAL IMPUESTO SOBRE LOS INGRESOS BRUTOS MISIONES",
5915,"IIBB LOCAL NEUQUEN","REGIMEN GENERAL IMPUESTO SOBRE LOS INGRESOS BRUTOS NEUQUEN",
5916,"IIBB LOCAL RIO NEGRO","REGIMEN GENERAL IMPUESTO SOBRE LOS INGRESOS BRUTOS RIO NEGRO",
5917,"IIBB LOCAL SALTA","REGIMEN GENERAL IMPUESTO SOBRE LOS INGRESOS BRUTOS SALTA",
5918,"IIBB LOCAL SAN JUAN","REGIMEN GENERAL IMPUESTO SOBRE LOS INGRESOS BRUTOS SAN JUAN",
5919,"IIBB LOCAL SAN LUIS","REGIMEN GENERAL IMPUESTO SOBRE LOS INGRESOS BRUTOS SAN LUIS",
5920,"IIBB LOCAL SANTA CRUZ","REGIMEN GENERAL IMP. SOBRE LOS INGRESOS BRUTOS SANTA CRUZ",
5921,"IIBB LOCAL SANTA FE","REGIMEN GENERAL IMPUESTO SOBRE LOS INGRESOS BRUTOS SANTA FE",
5922,"IIBB LOCAL SGO. DEL ESTERO","REGIMEN GENERAL IMP. SOBRE LOS ING. BRUTOS SGO. DEL ESTERO",
5923,"IIBB LOCAL TIERRA DEL FUEGO","REGIMEN GENERAL IMP. SOBRE LOS ING. BRUTOS TIERRA DEL FUEGO",
5924,"IIBB LOCAL TUCUMAN","REGIMEN GENERAL IMPUESTO SOBRE LOS INGRESOS BRUTOS TUCUMAN",
5319,"CONTRIB.MUNICIPAL CATAMARCA","REGIMEN SIMPLIFICADO CONTRIBUCION MUNICIPAL CATAMARCA",
2090,"Der.Exp.Ad.4CF2","Der. Expo. Adicional 4 Coeficiente 2 decreto 793/18 y 865/18",
2091,"DERECHO EXPORTACION SERVICIOS","DERECHO DE EXPORTACION DE SERVICIOS DECRETO 1201/18",
5255,"SALTA - RS Unificado","REG. SIMPLIFICADO DEL IMP A LAS ACTIVIDADES ECONÓMICAS SALTA",
5256,"SALTA - RS Unificado Municipal","REGIMEN SIMPLIFICADO CONTRIBUCION MUNICIPAL PCIA SALTA",
233,"RESP. DEUDA AJENA AP. SOL.","RESPONSABLE DEUDA AJENA APORTE SOLIDARIO.",
5095,"REG. SIMPLIFICADO IIBB ARBA","REGIMEN SIMPLIFICADO  IMPUESTO SOBRE INGRESOS BRUTOS ARBA",
5096,"CONTRIBUCION MUNICIPAL  ARBA","REGIMEN SIMPLIFICADO CONTRIBUCION MUNICIPAL  ARBA",
1033,"L 27.679 INCENTIVO A INVERSION","L.27.679 - INCENTIVO A LA INVERSION CONTRUCCION Y PRODUCCION",
249,"DIFERENCIAS SEG. SOC. PRE SIPA","DIFERENCIAS SEG. SOC. PRE SIPA  POLICIA Y SERV. PEN. PROV.",
2476,"IMP. FUEL OIL, COQUE, CARBON","IMPUESTO FUEL OIL, COQUE DE PETROLEO, CARBON MINERAL",
5061,"Entre Rios IIBB Serv. Digital","Entre Rios Percepcion IIBB Serv Digital",
1015,"Fomento Fuentes Renov Energía","Rég de Fomento Nac Uso de Fuentes Renov Energia Ley 26190",
5120,"INGRESOS BRUTOS CABA","REGIMEN SIMPLIFICADO IMPUESTO SOBRE INGRESOS BRUTOS CABA",
5121,"CONTRIB MUNICIPAL CABA","REGIMEN SIMPLIFICADO CONTRIBUCION MUNICIPAL CABA",
1027,"REC IIBB - PBA - SERV DIGIT PR","RECAUDACION IIBB - PBA - SERVICIOS DIGITALES PRESTADOS POR U",
940,"REINTEGRO SECTORES VULNERADOS","REINTEGRO SECTORES VULNERADOS LEY 27.541",
5048,"REG SIMPLIF. IIBB ENTRE RIOS","REG. SIMPLIFICADO  IMPUESTO SOBRE INGRESOS BRUTOS ENTRE RIOS",
5049,"CONTRIB MUNICIPAL ENTRE RIOS","REGIMEN SIMPLIFICADO CONTRIBUCIÓN MUNICIPAL  PCIA ENTRE RIOS",
1032,"COSTAS JUDICIALES  S/HONORARIO","COSTAS JUDICIALES SIN HONORARIOS",
5729,"REG.SIMPLIFICADO IIBB STA CRUZ","REG. SIMPLIFICADO IMP. SOBRE LOS INGRESOS BRUTOS SANTA CRUZ",
5730,"CONTRIBUCION MUNICIP STA CRUZ","REG. SIMPLIFICADO CONTRIBUCIÓN MUNICIPAL PCIA DE SANTA CRUZ",
